,x,y,category,reviewed,pole_width
0,1274.0,420,pole,False,4.0
1,69.5,494,pole,False,4.650793650793651
2,632.5,620,pole,False,13.048543689320388
