,x,y,category,reviewed,pole_width
0,462.0,378,pole,False,3.4375
1,447.5,406,pole,False,5.348837209302325
2,673.5,390,pole,False,2.9411764705882355
