,x,y,category,consensus,depth
0,357.0,396.0,pole,3,64.51093292236328
1,241.5,430.0,pole,3,33.18777847290039
2,261.55531978738003,430.678798010974,pole,1,29.37019920349121
