,x,y,category,consensus,depth
0,495.83505991845766,396.9936431898721,pole,3,61.296932220458984
1,382.5,438.0,pole,3,31.83662986755371
2,1038.5,600.0,pole,2,9.611525535583496
3,1107.5,641.0,pole,2,8.016571998596191
4,691.4247810213765,386.9932174973328,pole,1,74.99588012695312
