,x,y,category,consensus,depth
0,896.084655659389,446.9957716525683,pole,3,20.581241607666016
1,818.5,440.0,pole,2,24.596397399902344
2,809.0,435.0,pole,2,26.393291473388672
3,780.7309081361456,396.9936431898721,pole,2,41.03797149658203
4,801.4294636393082,406.9940688824113,pole,2,33.16987991333008
5,420.3440599241109,445.2921005391783,pole,1,23.889141082763672
6,687.8511579219913,366.30814207633017,pole,1,66.52206420898438
7,679.6640256910135,362.7427780402592,pole,1,66.55192565917969
