,x,y,category,consensus,depth
0,89.0,487.0,pole,3,17.04361343383789
1,1020.0,463.0,pole,3,18.347129821777344
2,785.0,395.0,pole,3,47.9359016418457
3,70.0,549.0,pole,2,12.229004859924316
4,671.7622838324522,402.7545473315529,pole,2,45.350833892822266
5,668.785956554668,368.8448162602016,pole,1,97.9324722290039
6,701.7013812606573,367.7482122401788,pole,1,94.7601547241211
7,758.9946959987914,391.0491274762657,pole,1,49.1751823425293
