,x,y,category,consensus,depth
0,802.5,441.0,pole,2,23.601747512817383
1,792.5,436.0,pole,2,25.47800064086914
2,386.1598486896211,439.6181966261601,pole,2,23.408740997314453
