,x,y,category,consensus,depth
0,278.6165111549307,372.341431017566,pole,3,75.62395477294922
1,529.0,366.0,pole,1,85.71588897705078
2,157.0,364.0,pole,1,86.76785278320312
3,120.0,358.0,pole,1,111.84778594970703
4,474.5,359.0,pole,1,115.3603744506836
