,x,y,category,consensus,depth
0,386.9932174973328,442.3444108653407,pole,2,27.46665382385254
1,681.2305486293693,383.41425378049377,pole,1,79.17691802978516
2,724.514044843848,382.122209117375,pole,1,68.67754364013672
