,x,y,category,consensus,depth
0,426.0,400.0,pole,3,42.14791488647461
1,706.541703579866,389.0863298515852,pole,1,54.645694732666016
2,417.1689206044715,384.8678040265024,pole,1,52.22464370727539
3,408.9321358770894,384.0602761120532,pole,1,50.341827392578125
