,x,y,category,consensus,depth
0,725.1190598985015,419.5359868037007,pole,3,34.41796112060547
1,665.5,419.0,pole,2,33.72115707397461
2,324.5563271604938,434.0277777777778,pole,1,19.97420310974121
3,326.5,419.0,pole,1,20.384458541870117
