,x,y,category,consensus,depth
0,1215.5,469.0,pole,3,16.54905128479004
1,746.5,372.0,pole,2,80.91629791259766
2,827.0,392.0,pole,2,47.86659622192383
3,765.3749573149789,382.122209117375,pole,1,61.293060302734375
4,686.2408701080689,365.0378196720234,pole,1,83.42495727539062
5,705.7602858030098,364.8801016514696,pole,1,80.24108123779297
6,594.0,424.0,pole,1,28.865257263183594
