,x,y,category,consensus,depth
0,213.5,398.0,pole,3,62.79701614379883
1,513.5,369.0,pole,3,93.46728515625
2,341.5,407.0,pole,2,33.18845748901367
3,497.3234953703704,379.1045096021948,pole,1,67.16895294189453
4,779.0,375.0,pole,1,68.06095123291016
