,x,y,category,consensus,depth
0,857.5,409.0,pole,3,33.41297149658203
1,746.7070253848763,374.5857025033043,pole,2,91.0262451171875
2,721.5155892516132,372.6689627975125,pole,2,64.57244110107422
3,668.0,364.0,pole,1,167.30393981933594
4,832.5563700274349,390.1561428326475,pole,1,47.79537582397461
5,677.4305760184026,364.45436405840496,pole,1,167.30393981933594
6,544.0,366.0,pole,1,114.19812774658203
7,615.5,382.0,pole,1,65.71382904052734
8,433.0,397.0,pole,1,50.63854217529297
