,x,y,category,consensus,depth
0,682.0,435.0,pole,3,24.664358139038086
1,436.5,416.0,pole,3,27.321382522583008
2,209.5,355.0,pole,1,70.46570587158203
