,x,y,category,consensus,depth
0,830.0,408.0,pole,2,43.00707244873047
1,413.5,367.0,pole,2,57.92937469482422
