,x,y,category,consensus,depth
0,921.5,464.0,pole,3,18.22776222229004
1,460.0,516.0,pole,3,10.831483840942383
