,x,y,category,consensus,depth
0,53.04783950617284,471.1612654320988,pole,3,21.08384895324707
1,790.0,423.0,pole,3,28.851886749267578
2,459.0,433.0,pole,3,25.613658905029297
3,552.5816615226338,384.4349690643576,pole,1,59.008575439453125
4,546.0697564205152,386.9932174973328,pole,1,58.27756118774414
