,x,y,category,consensus,depth
0,1112.5,422.0,pole,2,23.139053344726562
1,858.1736538754066,343.4797552778838,pole,2,81.25865173339844
2,881.7815232928232,341.32137228826394,pole,2,84.10873413085938
3,1079.0412808641977,376.760223765432,pole,2,47.564796447753906
4,872.7189700427864,342.42828663927804,pole,1,81.02833557128906
5,915.524196622064,339.01119615972385,pole,1,105.69316864013672
