,x,y,category,consensus,depth
0,461.8801261716965,392.8074184813672,pole,3,74.89169311523438
1,710.0,434.0,pole,3,32.3953742980957
2,490.0,400.0,pole,3,61.708621978759766
