,x,y,category,consensus,depth
0,48.0,709.0,pole,3,5.771387577056885
1,981.2045580656531,391.64457828456034,pole,2,47.850860595703125
2,780.6103173009212,382.56634947032217,pole,1,44.563514709472656
