,x,y,category,consensus,depth
0,57.0,454.0,pole,2,24.720123291015625
1,151.5,469.0,pole,2,23.49913787841797
2,177.0,468.0,pole,1,34.38319778442383
3,289.5,470.0,pole,1,32.38657760620117
