,x,y,category,consensus,depth
0,86.0,488.0,pole,2,15.410116195678711
1,170.0,460.0,pole,1,16.31103515625
