,x,y,category,consensus,depth
0,283.733008020881,461.8801261716965,pole,3,23.6143741607666
1,269.0,480.0,pole,2,21.33228302001953
2,138.0,492.0,pole,2,19.423131942749023
3,25.0,484.0,pole,2,20.082439422607422
4,514.3434090513209,403.7639572246144,pole,2,53.99196243286133
5,529.7649490842055,406.5678735942298,pole,1,51.231292724609375
6,522.4046686139651,405.691649728725,pole,1,54.729976654052734
7,526.7857879414892,402.36199903980673,pole,1,55.118133544921875
