,x,y,category,consensus,depth
0,899.0,550.0,pole,2,11.67823600769043
1,937.5,575.0,pole,2,10.23530387878418
2,613.8679912551441,397.523898319616,pole,1,74.43429565429688
3,609.5143175582991,398.5285922496571,pole,1,74.43429565429688
4,603.8210519547325,398.8634902263375,pole,1,62.24867248535156
5,690.5596279149521,394.84471450617286,pole,1,60.515869140625
6,685.2012602880659,397.8587962962964,pole,1,60.515869140625
7,712.327996399177,392.83532664609055,pole,1,58.341697692871094
