,x,y,category,consensus,depth
0,383.0,608.0,pole,3,8.068321228027344
1,505.6541890517316,350.3678484428244,pole,1,78.02217864990234
2,476.2033313500423,363.1461131481028,pole,1,59.9934196472168
3,444.3185184663952,355.23575880674,pole,1,77.98612976074219
4,462.3297868128829,358.1565050250893,pole,1,77.90876770019531
