,x,y,category,consensus,depth
0,690.0,467.0,pole,3,20.452863693237305
1,638.0,444.0,pole,3,25.162710189819336
2,960.5,550.0,pole,3,11.185338973999023
3,162.0,445.0,pole,2,29.2819766998291
