,x,y,category,consensus,depth
0,477.5,467.0,pole,3,16.481769561767578
1,749.0,451.0,pole,2,19.634685516357422
2,725.0,441.0,pole,2,21.274818420410156
3,1202.0,391.0,pole,2,27.810400009155273
