,x,y,category,consensus,depth
0,343.84645061728395,471.6435185185185,pole,3,21.3421573638916
1,793.5,502.0,pole,3,16.082590103149414
2,839.0215031127486,372.5933797268741,pole,1,64.24656677246094
3,825.6165397328914,368.555740154628,pole,1,62.65127182006836
4,799.7756464705161,370.655312732196,pole,1,16.209762573242188
5,810.1120037754662,366.94068432572953,pole,1,62.33566665649414
6,272.95524691358025,508.2947530864198,pole,1,17.221982955932617
