,x,y,category,consensus,depth
0,553.4229934528353,359.2517848569703,pole,3,134.3131561279297
1,536.599495235143,363.98339373069626,pole,3,106.34489440917969
2,399.0,407.0,pole,3,35.4043083190918
3,494.36550491781134,375.1990592091578,pole,2,60.37431716918945
4,574.4523662249505,355.0459103025472,pole,2,134.3131561279297
5,307.16423798653983,399.7844596622086,pole,2,39.447044372558594
