,x,y,category,consensus,depth
0,361.5,430.0,pole,3,29.825815200805664
1,769.5,417.0,pole,3,30.32222557067871
