,x,y,category,consensus,depth
0,789.7623003313456,436.8726017170327,pole,1,31.122140884399414
1,769.0895857214454,426.3747388291927,pole,1,35.66321563720703
2,994.8881172839508,532.8896604938273,pole,1,14.548646926879883
3,1001.0,505.0,pole,1,16.653169631958008
