,x,y,category,consensus,depth
0,141.66184413580245,507.11926118827154,pole,3,15.736069679260254
1,385.5,434.0,pole,2,31.44896697998047
2,372.68164294868166,439.0937696333083,pole,2,28.01812171936035
3,525.1386328779912,386.29551337924863,pole,1,86.30716705322266
4,539.5578513183967,385.3652412218032,pole,1,86.34677124023438
5,571.6522407502669,384.667537103719,pole,1,70.16138458251953
6,304.0,422.0,pole,1,32.69527053833008
7,441.5,392.0,pole,1,57.44337844848633
