,x,y,category,consensus,depth
0,746.0,421.0,pole,3,40.96446990966797
1,349.0,435.0,pole,3,30.19184112548828
