,x,y,category,consensus,depth
0,1125.0,381.0,pole,3,34.87846755981445
1,489.0,470.0,pole,3,16.995981216430664
2,870.0,410.0,pole,3,28.28191375732422
3,557.0023148148149,384.3557098765432,pole,2,58.42459487915039
