,x,y,category,consensus,depth
0,1010.0,429.0,pole,3,19.857528686523438
1,575.5,431.0,pole,3,24.049203872680664
2,79.0,430.0,pole,3,26.16111946105957
3,1276.0,642.0,pole,2,6.744570732116699
4,133.5,393.0,pole,2,43.47254180908203
