,x,y,category,consensus,depth
0,678.0,375.0,pole,3,67.45289611816406
1,855.0,467.0,pole,3,18.124073028564453
2,764.0,422.0,pole,3,27.2273006439209
3,977.0,418.0,pole,3,28.706871032714844
4,269.0,462.0,pole,2,21.491104125976562
5,792.5,450.0,pole,2,20.98508644104004
6,243.5,470.0,pole,2,19.935148239135742
7,805.5,459.0,pole,2,19.692264556884766
8,317.5,430.0,pole,2,29.841495513916016
9,461.1545138888889,393.8400205761317,pole,2,43.294822692871094
