,x,y,category,consensus,depth
0,1001.5,468.0,pole,3,20.195207595825195
1,30.0,439.0,pole,1,18.13741683959961
