,x,y,category,consensus,depth
0,838.5,396.0,pole,2,38.71989059448242
1,556.0,444.0,pole,1,23.078643798828125
