,x,y,category,consensus,depth
0,885.5,413.0,pole,3,35.28301239013672
1,5.5,410.0,pole,3,28.280166625976562
2,824.1831776847442,407.0445393770645,pole,2,41.66051483154297
3,817.6220133798442,405.5304245374721,pole,2,42.90984344482422
4,427.2392093250152,382.7580062976036,pole,1,51.35365295410156
5,440.6018752550607,382.5749560793838,pole,1,52.181678771972656
