,x,y,category,consensus,depth
0,355.5,459.0,pole,3,19.64556884765625
1,991.0,455.0,pole,3,22.963680267333984
2,795.0,406.0,pole,3,37.69267272949219
3,478.0,394.0,pole,3,44.43351364135742
4,1032.5,455.0,pole,1,20.269123077392578
