,x,y,category,consensus,depth
0,745.5,383.0,pole,3,50.1896858215332
1,446.0841049382717,410.39737654320993,pole,3,31.443233489990234
2,501.0073731138546,377.7649176954733,pole,3,54.16322326660156
3,494.9047877610121,367.9226382696998,pole,1,63.7095832824707
