,x,y,category,consensus,depth
0,721.5,382.0,pole,3,44.88010787963867
1,506.5,409.0,pole,3,32.54550552368164
2,933.5,402.0,pole,1,31.933101654052734
3,745.5,379.0,pole,1,44.78872299194336
4,873.0,410.0,pole,1,18.996402740478516
5,943.0,351.0,pole,1,76.96174621582031
6,513.4124211942218,372.2240053658108,pole,1,53.02944564819336
7,932.8304058784868,366.29466199417016,pole,1,50.18131637573242
8,873.5255558413353,441.1815706685338,pole,1,20.215835571289062
