,x,y,category,consensus,depth
0,865.0,443.0,pole,3,24.101213455200195
1,797.5,414.0,pole,2,36.52207946777344
2,315.0,465.0,pole,2,21.627084732055664
3,264.5,484.0,pole,2,18.890274047851562
4,680.0289470926689,378.15563200160045,pole,1,76.43090057373047
5,698.6343902415791,379.0859041590459,pole,1,71.50881958007812
6,716.0769931936825,384.9001051430804,pole,1,59.637474060058594
