,x,y,category,consensus,depth
0,836.0,470.0,pole,2,19.96324348449707
1,877.5,492.0,pole,2,17.33063316345215
2,855.0,479.0,pole,2,18.362733840942383
3,827.5329003772292,442.4002271947874,pole,1,27.111352920532227
4,788.6847350823047,446.7539008916325,pole,1,25.02678680419922
