,x,y,category,consensus,depth
0,1268.0,683.0,pole,3,6.09540319442749
1,356.5,416.0,pole,3,38.17429733276367
2,337.0,415.0,pole,2,38.386077880859375
3,264.8949968326094,392.1097143632831,pole,1,173.87374877929688
4,315.5948294133898,391.412010245199,pole,1,48.82773208618164
