,x,y,category,consensus,depth
0,489.0,412.0,pole,3,43.27900695800781
1,550.0,386.0,pole,3,74.91891479492188
2,78.0,511.0,pole,2,15.765612602233887
3,849.0,458.0,pole,2,21.979822158813477
4,354.45601851851853,471.6435185185185,pole,2,19.39129066467285
5,370.8526234567901,464.891975308642,pole,2,21.314929962158203
6,861.711407732382,467.6844882131898,pole,2,20.512948989868164
