,x,y,category,consensus,depth
0,698.9961627472524,366.13315641128025,pole,1,73.90120697021484
1,725.5,367.0,pole,1,71.44937896728516
