,x,y,category,consensus,depth
0,824.0,426.0,pole,3,28.701671600341797
1,873.0,443.0,pole,3,23.713638305664062
2,708.8480033035329,401.01836231548697,pole,2,46.120155334472656
3,640.6246100012346,353.11365413247034,pole,1,163.9601593017578
4,651.6750269605276,366.7791787428396,pole,1,126.14905548095703
5,712.4011261271095,402.9564293101651,pole,1,44.23807144165039
