,x,y,category,consensus,depth
0,120.005108310471,466.9966230376468,pole,3,18.060667037963867
1,1153.5,503.0,pole,3,14.00397777557373
2,954.0,443.0,pole,3,23.35749053955078
3,753.5,376.0,pole,3,60.79271697998047
4,793.3063271604939,515.528549382716,pole,2,13.926196098327637
5,770.6404320987655,489.0046296296297,pole,2,17.090370178222656
6,552.5105990661623,375.1774690531116,pole,1,68.12828826904297
7,711.7551037955501,360.64196659302553,pole,1,92.39982604980469
8,697.5,371.0,pole,1,66.45176696777344
