,x,y,category,consensus,depth
0,720.7994164373815,382.7682314489344,pole,2,55.75502395629883
1,707.0714418917446,370.8168183150858,pole,1,65.07093048095703
2,708.5249921377532,373.723918807103,pole,1,65.07093048095703
3,661.3653619339183,353.0512041972028,pole,1,126.51589965820312
4,665.2414959232746,354.9892711918809,pole,1,126.51589965820312
5,697.5,381.0,pole,1,58.790348052978516
