,x,y,category,consensus,depth
0,1255.5,507.0,pole,3,11.546814918518066
1,531.5,423.0,pole,3,35.368839263916016
2,486.5,452.0,pole,3,20.397544860839844
3,1247.0,493.0,pole,3,13.018415451049805
4,307.9911465709358,431.70442306455766,pole,1,31.168182373046875
5,398.918789737919,428.9588281554303,pole,1,34.067840576171875
