,x,y,category,consensus,depth
0,399.5,459.0,pole,3,22.965009689331055
1,848.0,461.0,pole,3,23.277536392211914
2,1197.0,540.0,pole,3,12.327179908752441
3,1055.0,514.0,pole,3,14.26839542388916
4,833.0,455.0,pole,2,23.51671600341797
5,1029.0,492.0,pole,2,17.575559616088867
6,537.0,325.0,pole,1,151.42849731445312
