,x,y,category,consensus,depth
0,1122.0,507.0,pole,3,11.665824890136719
1,813.0,479.0,pole,2,16.664548873901367
2,798.0,469.0,pole,2,17.695302963256836
3,662.9804177628167,360.4804610101357,pole,2,63.658531188964844
4,688.9828166080819,357.2503493523388,pole,1,75.23247528076172
