,x,y,category,consensus,depth
0,6.0,392.0,pole,3,27.87225914001465
1,333.5,423.0,pole,3,33.80744934082031
2,431.6834919410151,416.61308299039786,pole,2,38.283447265625
3,550.7211172077429,382.1092886707439,pole,1,93.26349639892578
4,534.6739224918077,383.2721288675508,pole,1,77.0189437866211
5,424.98553240740745,420.2969607338821,pole,1,37.330291748046875
6,293.5,464.0,pole,1,22.213590621948242
