,x,y,category,consensus,depth
0,825.5,440.0,pole,2,23.426624298095703
1,838.0,446.0,pole,2,21.34055519104004
2,206.0,432.0,pole,2,30.401817321777344
3,396.1515595634428,444.4325308852374,pole,2,23.812942504882812
4,680.7460318806998,362.4185280048138,pole,1,63.63624954223633
5,693.5049729289976,361.7725056732544,pole,1,77.03968048095703
6,664.756979174605,345.29893621849016,pole,1,127.07962799072266
7,655.2281497841042,338.5157017371167,pole,1,161.4452667236328
