,x,y,category,consensus,depth
0,692.5690157750344,461.1545138888889,pole,3,20.900753021240234
1,629.5,463.0,pole,2,19.883886337280273
2,659.0,481.0,pole,2,17.666826248168945
3,699.5,503.0,pole,2,15.590262413024902
4,753.5,530.0,pole,2,13.443136215209961
5,831.0,572.0,pole,2,10.763540267944336
6,899.5,611.0,pole,2,8.892420768737793
7,1094.0,700.0,pole,2,6.392749786376953
