,x,y,category,consensus,depth
0,837.0,424.0,pole,3,27.053922653198242
1,1037.5,506.0,pole,2,15.902302742004395
2,905.5,455.0,pole,2,21.87180519104004
3,990.0,457.0,pole,2,21.61457061767578
4,772.4509206653405,424.20450755911054,pole,2,29.106521606445312
5,779.2644374435058,426.2233273452336,pole,2,27.980504989624023
6,445.34821089920734,425.7963382255836,pole,1,28.799278259277344
7,760.8852200070485,399.8767441475539,pole,1,39.83721923828125
