,x,y,category,consensus,depth
0,141.5,395.0,pole,3,30.9916934967041
1,206.0,409.0,pole,3,26.400930404663086
2,1118.5,570.0,pole,3,8.844765663146973
3,523.5,435.0,pole,1,18.003416061401367
