,x,y,category,consensus,depth
0,941.5,466.0,pole,3,22.842008590698242
1,671.1257882017675,365.6277776763964,pole,1,147.86631774902344
2,661.2689133190306,368.007209546058,pole,1,135.71990966796875
3,721.8647124857586,369.099543343254,pole,1,112.41256713867188
4,753.5753426639634,383.5380939069428,pole,1,76.62006378173828
5,674.6485652454247,401.0038520482741,pole,1,52.19816970825195
6,783.9961634087792,399.8681841563786,pole,1,56.494049072265625
7,805.4296339163238,410.5849194101509,pole,1,46.63502502441406
