,x,y,category,consensus,depth
0,681.0,355.0,pole,1,123.78156280517578
1,669.5,353.0,pole,1,127.93695831298828
