,x,y,category,consensus,depth
0,1185.0,719.0,pole,3,5.775914669036865
1,625.0,476.0,pole,3,19.544639587402344
2,331.0,438.0,pole,2,34.82815170288086
3,409.5,440.0,pole,2,35.49961471557617
4,225.0514403292181,423.31104252400553,pole,1,38.49525451660156
5,817.9012345679013,589.7955246913581,pole,1,9.753777503967285
6,721.4506172839507,543.4992283950618,pole,1,12.28634262084961
7,615.354938271605,468.75000000000006,pole,1,23.585418701171875
