,x,y,category,consensus,depth
0,333.5,409.0,pole,2,44.351871490478516
1,110.0,421.0,pole,2,30.78062629699707
2,839.5833333333333,383.3333333333333,pole,2,50.59968948364258
3,313.19444444444446,393.05555555555554,pole,1,69.32972717285156
4,489.6208419067216,363.6992026748972,pole,1,129.41946411132812
