,x,y,category,consensus,depth
0,853.5,491.0,pole,3,15.744178771972656
1,1061.5,616.0,pole,2,8.744709014892578
2,942.0,600.0,pole,2,9.52249813079834
