,x,y,category,consensus,depth
0,533.0,385.0,pole,3,56.24496078491211
1,86.0,518.0,pole,3,12.33504581451416
2,558.6284305460297,388.8537618122238,pole,3,53.008113861083984
3,608.1654229300032,381.6441525920211,pole,3,61.37594985961914
4,443.5,353.0,pole,2,76.98780059814453
5,203.0,487.0,pole,1,16.96786880493164
6,747.0,397.0,pole,1,42.565155029296875
