,x,y,category,consensus,depth
0,1171.0,677.0,pole,3,6.378457069396973
1,577.5,410.0,pole,2,43.16865921020508
2,865.0,453.0,pole,2,21.605422973632812
3,595.5825617283951,398.8233024691359,pole,2,54.77126693725586
4,821.2770061728396,435.9567901234568,pole,2,29.321420669555664
5,587.8665123456791,406.5393518518519,pole,2,46.743534088134766
6,57.5,635.0,pole,2,7.345728874206543
