,x,y,category,consensus,depth
0,798.0,450.0,pole,3,20.73320198059082
1,652.5,399.0,pole,3,38.848541259765625
2,669.0,385.0,pole,3,53.150264739990234
3,637.9470524148907,355.6352935234403,pole,1,71.20280456542969
4,898.0,420.0,pole,1,27.2025146484375
5,501.30040884345,350.07304124871405,pole,1,68.77693176269531
