,x,y,category,consensus,depth
0,188.5,466.0,pole,3,22.499658584594727
1,28.25701678240741,543.162655928498,pole,3,12.353092193603516
2,833.5,438.0,pole,2,28.390104293823242
3,770.0,414.0,pole,2,39.755741119384766
4,350.0,447.0,pole,2,30.088516235351562
5,337.0,454.0,pole,2,26.20168113708496
6,536.8485215946747,389.3045751732017,pole,1,64.88894653320312
7,518.9691181821674,389.7709943926584,pole,1,65.1135025024414
8,845.0,427.0,pole,1,32.08119583129883
