,x,y,category,consensus,depth
0,1237.5,391.0,pole,3,43.072898864746094
1,1068.0,438.0,pole,3,21.905763626098633
2,905.5,383.0,pole,3,56.64744567871094
3,1119.7182061753006,362.4185280048138,pole,3,65.89576721191406
4,490.2906378600824,396.8541023662552,pole,2,54.90851593017578
5,1095.007851993154,364.0335838337122,pole,1,66.7291030883789
6,1090.3241900893486,364.0335838337122,pole,1,66.7291030883789
7,1102.1140976403074,362.257022421924,pole,1,66.81278991699219
