,x,y,category,consensus,depth
0,395.5,422.0,pole,3,39.365074157714844
1,857.5,471.0,pole,3,18.32175064086914
2,791.0,461.0,pole,2,21.292451858520508
3,269.0,479.0,pole,2,22.082916259765625
4,803.5,469.0,pole,2,20.937864303588867
5,245.5,486.0,pole,2,19.673892974853516
6,676.9652431914874,372.836389651636,pole,2,68.30815124511719
7,200.59670336790583,448.1997186966834,pole,2,28.727005004882812
