,x,y,category,consensus,depth
0,696.5412778873267,386.5280814186101,pole,3,58.21046829223633
1,710.0302241702866,374.8996794505412,pole,3,67.10462951660156
2,316.1995063157293,408.8546131973023,pole,1,37.202735900878906
3,677.5383515538599,375.051853599753,pole,1,34.393951416015625
4,142.3267949216766,395.6886780801221,pole,1,63.52646255493164
5,109.12842510543052,394.2306415679221,pole,1,63.58808135986328
6,122.69938033436894,395.12789480619904,pole,1,64.1730728149414
