,x,y,category,consensus,depth
0,804.5400611657665,352.4859346570883,pole,3,66.65897369384766
1,1118.0,419.0,pole,3,24.09922218322754
2,49.0,649.0,pole,2,6.918282508850098
3,601.0,387.0,pole,2,33.71905517578125
4,1083.096815255028,353.0411100982722,pole,2,66.00009155273438
5,1204.1666666666663,413.19444444444446,pole,2,25.894838333129883
6,1113.247781054456,370.4636068730008,pole,1,45.024574279785156
