,x,y,category,consensus,depth
0,485.5,402.0,pole,3,51.03627395629883
1,538.0,387.0,pole,3,83.24041748046875
2,664.6794564948179,374.66711141117975,pole,2,181.62002563476562
3,613.049351756592,377.6904959228777,pole,1,108.48168182373047
4,718.0,372.0,pole,1,157.01611328125
