,x,y,category,consensus,depth
0,1109.5,403.0,pole,3,29.635183334350586
1,1201.0,395.0,pole,3,27.97747230529785
2,1090.374228395062,388.695987654321,pole,1,32.04928207397461
3,1009.7329042273155,385.6753319409516,pole,1,36.37168502807617
4,1222.5972624761323,392.13555525654544,pole,1,29.156143188476562
5,1181.0903276734418,391.1665217592064,pole,1,29.855525970458984
6,1231.157058369294,393.1045887538845,pole,1,27.331865310668945
7,1246.01557199516,392.7815775881048,pole,1,28.968965530395508
