,x,y,category,consensus,depth
0,159.0,717.0,pole,3,5.241936683654785
1,172.5,719.0,pole,1,5.266215801239014
2,436.7110961341429,364.356594999492,pole,1,75.56795501708984
3,405.3790130535128,375.5004802188913,pole,1,57.29664611816406
4,391.48953292498607,370.97832389797566,pole,1,69.72282409667969
5,359.5114275127966,375.9849969675609,pole,1,56.541744232177734
6,373.88542438999286,367.7482122401788,pole,1,72.82298278808594
