,x,y,category,consensus,depth
0,707.5,500.0,pole,3,15.659016609191895
1,1130.0,520.0,pole,2,12.71120834350586
2,57.0,436.0,pole,2,28.467971801757812
3,30.0,443.0,pole,2,26.595317840576172
4,969.0,528.0,pole,2,13.256771087646484
5,35.35034198292944,438.158186156836,pole,1,28.705810546875
