,x,y,category,consensus,depth
0,763.7599014860805,412.8082698664457,pole,3,35.74652862548828
1,728.8746955818738,410.5471917059879,pole,2,42.15838623046875
2,734.6888965659083,397.1422283261306,pole,1,52.10580825805664
3,725.483078341187,409.09364145997927,pole,1,42.31086349487305
