,x,y,category,consensus,depth
0,168.7885802469136,432.0183899176955,pole,3,34.2915153503418
1,1134.5,460.0,pole,3,20.70279884338379
2,809.5,432.0,pole,3,28.12148666381836
3,448.0,434.0,pole,3,28.90964698791504
4,1039.5,478.0,pole,2,18.11650276184082
5,1113.0,486.0,pole,2,17.773832321166992
6,949.0,464.0,pole,2,20.460784912109375
7,801.7457561728394,427.9996141975308,pole,2,31.912899017333984
