,x,y,category,consensus,depth
0,358.0,450.0,pole,3,27.801334381103516
1,1134.0,407.0,pole,3,28.212688446044922
2,167.5,546.0,pole,2,13.396297454833984
3,1079.5,609.0,pole,2,8.653304100036621
4,222.0,527.0,pole,2,15.552984237670898
5,110.5,570.0,pole,2,11.748006820678711
6,1110.0,651.0,pole,2,7.235110759735107
