,x,y,category,consensus,depth
0,1157.0,625.0,pole,3,9.311595916748047
1,801.0,458.0,pole,2,24.299875259399414
2,790.0,454.0,pole,2,24.563228607177734
3,758.8788151577504,441.0606352880659,pole,1,30.549413681030273
