,x,y,category,consensus,depth
0,1114.0,531.0,pole,3,12.613823890686035
1,1000.0,522.0,pole,3,13.061640739440918
2,65.5,404.0,pole,3,39.59754943847656
3,81.0,392.0,pole,3,42.86244583129883
