,x,y,category,consensus,depth
0,705.5,366.0,pole,3,87.98807525634766
1,422.3295434799072,374.29358777112384,pole,3,64.39463806152344
2,284.02777777777777,374.30555555555554,pole,2,49.454978942871094
3,1202.0,453.0,pole,1,18.28295135498047
4,643.3256172839507,361.2075617283951,pole,1,168.4166259765625
