,x,y,category,consensus,depth
0,735.6579300632474,392.9430831709946,pole,1,93.72664642333984
