,x,y,category,consensus,depth
0,613.5,375.0,pole,3,75.0609359741211
1,385.0,380.0,pole,3,80.9395523071289
2,42.0,437.0,pole,3,27.360567092895508
3,842.5,432.0,pole,3,23.86749839782715
4,169.77466873380584,391.1794422058376,pole,2,80.25723266601562
5,149.0,383.0,pole,1,103.42316436767578
6,101.5,384.0,pole,1,152.20120239257812
7,17.5,386.0,pole,1,79.9073486328125
