,x,y,category,consensus,depth
0,470.0,461.0,pole,3,22.626094818115234
1,867.5,425.0,pole,3,27.991722106933594
2,1187.0,462.0,pole,3,18.911714553833008
3,569.0,462.0,pole,3,21.32184410095215
4,745.0,439.0,pole,3,24.77276039123535
5,583.5262345679013,402.1990740740741,pole,2,33.250770568847656
6,450.4243827160494,402.6813271604939,pole,1,33.70828628540039
