,x,y,category,consensus,depth
0,705.3788633830591,343.96813021547786,pole,1,154.82395935058594
1,129.5,411.0,pole,1,59.5876350402832
2,157.5,413.0,pole,1,56.622764587402344
