,x,y,category,consensus,depth
0,703.9555469821674,401.2077760631002,pole,3,53.32868194580078
1,995.0,497.0,pole,3,15.240972518920898
2,46.0,452.0,pole,3,12.317608833312988
3,1242.5,672.0,pole,2,6.640210151672363
4,778.0,417.0,pole,2,37.08196258544922
5,736.0,401.0,pole,2,51.94635009765625
6,757.0,411.0,pole,2,45.98540115356445
7,561.4667098835421,386.1578710702389,pole,1,82.26509094238281
8,803.4202460562415,428.3345121742113,pole,1,31.57428550720215
