,x,y,category,consensus,depth
0,660.0,626.0,pole,3,9.928243637084961
1,376.0,549.0,pole,3,14.376689910888672
2,538.5,627.0,pole,2,10.504255294799805
3,437.5,600.0,pole,2,11.853570938110352
