,x,y,category,consensus,depth
0,878.0,418.0,pole,3,33.69879150390625
1,773.5,380.0,pole,3,64.26622772216797
2,672.4141943883878,361.0042325879799,pole,2,10.98615837097168
3,313.5,368.0,pole,1,144.85755920410156
