,x,y,category,consensus,depth
0,557.2314146203087,381.8518179385761,pole,3,68.44524383544922
1,886.0,471.0,pole,3,18.373409271240234
2,177.5,538.0,pole,3,12.49347972869873
3,279.0,424.0,pole,3,41.920265197753906
4,741.5,402.0,pole,3,44.155677795410156
5,405.5,517.0,pole,2,14.254530906677246
6,571.5598130420188,378.9861382542341,pole,1,74.70903015136719
7,567.4045774997228,379.27270622266826,pole,1,74.54956817626953
