,x,y,category,consensus,depth
0,1229.5,426.0,pole,3,25.817947387695312
1,1269.5,410.0,pole,3,28.613637924194336
