,x,y,category,consensus,depth
0,831.2167781207133,389.8212448559671,pole,3,41.16609191894531
1,874.4186171124829,415.94328703703707,pole,3,35.0429573059082
2,1141.0108024691358,395.4475308641976,pole,3,35.35304641723633
3,393.5,413.0,pole,3,46.323421478271484
4,765.0,400.0,pole,3,49.735870361328125
5,750.0,408.0,pole,2,36.00645065307617
