,x,y,category,consensus,depth
0,728.0,412.0,pole,3,38.431434631347656
1,530.0,388.0,pole,3,70.1698989868164
