,x,y,category,consensus,depth
0,422.97614454732513,477.56451474622776,pole,2,19.8391056060791
