,x,y,category,consensus,depth
0,654.5,381.0,pole,3,51.885704040527344
1,345.0,450.0,pole,3,23.677005767822266
2,734.0,419.0,pole,3,31.559568405151367
3,828.0,458.0,pole,3,20.260311126708984
4,519.0,442.0,pole,2,25.318613052368164
5,602.8163580246915,361.875869246304,pole,2,96.99129486083984
6,524.0856164775494,363.54906708504274,pole,1,104.71089935302734
