,x,y,category,consensus,depth
0,268.0,439.0,pole,3,21.65083885192871
1,749.5,407.0,pole,2,37.8803825378418
2,608.1211419753087,406.0570987654321,pole,1,35.76410675048828
