,x,y,category,consensus,depth
0,38.5,471.0,pole,3,22.274219512939453
1,778.0,439.0,pole,3,26.888648986816406
2,742.0,411.0,pole,3,43.84860610961914
3,700.0,401.0,pole,3,51.03949737548828
4,690.0,413.0,pole,2,44.89423370361328
5,223.03920997087693,437.35711846570223,pole,2,34.15045928955078
6,2.0,473.0,pole,1,21.01153564453125
