,x,y,category,consensus,depth
0,691.192212982015,386.0629453398873,pole,2,114.6119155883789
1,729.5659394766424,386.9932174973328,pole,2,134.34825134277344
2,706.541703579866,386.5280814186101,pole,1,112.69741821289062
