,x,y,category,consensus,depth
0,927.0,547.0,pole,3,12.821598052978516
1,628.5,534.0,pole,3,13.544291496276855
2,523.0,542.0,pole,3,12.490496635437012
3,335.5,604.0,pole,2,10.502551078796387
4,954.0,562.0,pole,2,11.720425605773926
5,1225.5,511.0,pole,2,13.993894577026367
6,569.5,593.0,pole,2,10.584531784057617
7,90.0,594.0,pole,2,10.435677528381348
8,20.44055033449609,532.2719307102783,pole,1,14.476762771606445
