,x,y,category,consensus,depth
0,204.0,505.0,pole,3,19.45173454284668
1,1064.6119965883388,413.7529092913692,pole,1,41.32411575317383
