,x,y,category,consensus,depth
0,213.5,358.0,pole,2,52.691280364990234
1,338.6190653101662,328.6186396176269,pole,2,92.91921997070312
2,363.2712774824722,326.52552726337456,pole,1,98.21002960205078
3,359.08505277396745,327.9209354995428,pole,1,97.17805480957031
4,309.7806284293553,339.5493374676117,pole,1,39.73124694824219
