,x,y,category,consensus,depth
0,621.5,422.0,pole,3,22.27395248413086
1,147.68070499447495,431.8788490940787,pole,1,39.24290084838867
