,x,y,category,consensus,depth
0,1141.5,496.0,pole,3,14.956008911132812
1,377.5,442.0,pole,3,28.461551666259766
2,540.0,395.0,pole,3,58.782867431640625
3,791.5,524.0,pole,2,13.213497161865234
4,885.0,539.0,pole,2,11.298195838928223
5,386.766975308642,437.8858024691359,pole,2,30.498552322387695
6,2.018819786123072,436.5137004217221,pole,1,32.05248260498047
