,x,y,category,consensus,depth
0,821.0943834119757,530.868850958923,pole,2,36.78002166748047
1,1245.820473251029,482.9228823731139,pole,1,24.523252487182617
2,821.0,515.0,pole,1,36.78002166748047
