,x,y,category,consensus,depth
0,292.57059351661337,369.5506145452295,pole,3,87.00446319580078
1,441.2615740740741,387.7314814814815,pole,2,52.73173522949219
2,263.0344525177184,362.34100532502674,pole,2,141.44149780273438
3,245.35928152625365,362.34100532502674,pole,1,55.712928771972656
4,444.0,366.0,pole,1,54.249027252197266
