,x,y,category,consensus,depth
0,1061.0,515.0,pole,3,11.947210311889648
1,789.5,410.0,pole,3,33.56351852416992
2,909.5,458.0,pole,2,19.601686477661133
3,836.5,430.0,pole,2,27.236297607421875
4,902.2151491769548,431.6834919410151,pole,2,27.214006423950195
5,739.7852949593213,410.2690432021221,pole,2,34.69717788696289
6,745.3931276985521,410.8298264760452,pole,1,34.6121711730957
