,x,y,category,consensus,depth
0,818.0,508.0,pole,2,34.79240798950195
1,637.7015639288982,471.6479838248744,pole,1,90.31077575683594
2,694.9226330454753,463.0948276056759,pole,1,83.96806335449219
