,x,y,category,consensus,depth
0,804.8804012345679,405.5748456790124,pole,1,10.63240909576416
1,37.0,457.0,pole,1,29.338733673095703
