,x,y,category,consensus,depth
0,693.189210372199,370.903674165689,pole,3,158.02731323242188
1,226.7916812686313,381.7174892033725,pole,1,81.57756805419922
2,182.9858254141952,306.0530795762577,pole,1,133.25721740722656
