,x,y,category,consensus,depth
0,1212.5,531.0,pole,3,15.993233680725098
1,197.5,389.0,pole,2,141.0486297607422
