,x,y,category,consensus,depth
0,713.5,440.0,pole,3,23.15228271484375
1,389.5,376.0,pole,3,50.68309020996094
