,x,y,category,consensus,depth
0,532.8896604938273,405.5748456790124,pole,3,50.72751235961914
1,450.5,497.0,pole,3,17.51369857788086
2,425.5,512.0,pole,2,14.976487159729004
3,393.5,531.0,pole,2,14.41375732421875
4,558.6478112159764,424.5981774174044,pole,2,34.52373123168945
5,747.942397613271,404.1983881170753,pole,1,44.318172454833984
6,564.7850233657905,421.6910769253872,pole,1,34.92777633666992
7,550.8955432372638,416.684403855802,pole,1,37.81410217285156
