,x,y,category,consensus,depth
0,853.9898405349795,363.5038455218336,pole,2,115.02886199951172
1,832.5935809137328,370.0157506239522,pole,1,82.06716918945312
2,754.6926653141657,329.48948192857085,pole,1,190.1848602294922
3,510.0,381.0,pole,1,80.81083679199219
4,42.0,384.0,pole,1,61.528053283691406
5,865.0,378.0,pole,1,66.10401153564453
