,x,y,category,consensus,depth
0,960.5,569.0,pole,2,10.709095001220703
1,914.0,539.0,pole,2,12.021581649780273
2,1181.0,500.0,pole,2,15.609578132629395
3,559.9494170096023,363.3643046982168,pole,1,136.09429931640625
