,x,y,category,consensus,depth
0,1256.0,483.0,pole,1,13.226855278015137
1,1126.0,498.0,pole,1,12.958047866821289
2,965.4706790123456,511.1882716049383,pole,1,12.041213035583496
3,783.0565885297593,517.9290236577885,pole,1,11.955351829528809
4,629.0,536.0,pole,1,11.40042495727539
