,x,y,category,consensus,depth
0,451.5,433.0,pole,3,29.419109344482422
1,482.0,437.0,pole,3,29.16160011291504
2,498.0,421.0,pole,2,39.16120910644531
3,581.5,411.0,pole,2,40.857215881347656
4,550.0,418.0,pole,2,39.25703430175781
5,594.0,381.0,pole,2,46.591697692871094
6,645.5,367.0,pole,2,75.1810073852539
7,876.3163723136719,345.8286745303689,pole,1,122.6018295288086
8,166.0,535.0,pole,1,13.429821968078613
