,x,y,category,consensus,depth
0,357.5,450.0,pole,3,23.385210037231445
1,510.0,387.0,pole,3,58.994014739990234
2,684.5,360.0,pole,2,138.299560546875
3,703.9454752818552,362.2409860648121,pole,2,96.9638671875
4,727.3342633584809,375.3615257175533,pole,1,62.02029800415039
5,642.5261374871391,364.3326662993071,pole,1,126.24940490722656
