,x,y,category,consensus,depth
0,284.5,607.0,pole,2,8.03298282623291
1,45.5,519.0,pole,2,11.559959411621094
2,93.5,478.0,pole,2,16.337587356567383
3,648.2304157004548,405.735460922,pole,2,35.610107421875
4,586.9112882216994,426.8592555778623,pole,2,23.286096572875977
5,655.7221297505209,422.2960919800408,pole,1,29.371545791625977
