,x,y,category,consensus,depth
0,686.0,382.0,pole,3,62.67717361450195
1,165.5,416.0,pole,3,32.146446228027344
2,93.51173249322068,396.9807227432408,pole,3,69.27356719970703
3,159.72902147805743,390.1974882618673,pole,2,71.97162628173828
4,101.91002280349264,389.0669491816384,pole,2,92.44982147216797
5,110.46981869665449,392.2970608394353,pole,1,64.03218841552734
6,5.0,382.0,pole,1,84.69837188720703
