,x,y,category,consensus,depth
0,250.0,392.0,pole,3,46.44178771972656
1,649.5,449.0,pole,3,18.84079933166504
