,x,y,category,consensus,depth
0,1210.7661373545404,383.43556354490295,pole,3,54.30011749267578
1,1203.756346430502,381.1573814945904,pole,1,62.11305618286133
