,x,y,category,consensus,depth
0,182.0,462.0,pole,3,24.44831085205078
1,566.5,481.0,pole,3,18.614803314208984
2,663.182299741429,365.6587337615414,pole,1,90.73670196533203
3,594.9865673661917,374.3699411386624,pole,1,67.13089752197266
4,606.9379805000402,367.9097178230686,pole,1,90.11845397949219
5,632.4558625966359,375.9849969675609,pole,1,70.71076202392578
6,134.54861111111111,491.4158950617284,pole,1,19.80718231201172
