,x,y,category,consensus,depth
0,227.7306241426612,448.7632887517148,pole,2,22.027814865112305
1,754.0291901169675,382.902819434676,pole,1,51.297325134277344
2,692.5690157750344,381.7836934156379,pole,1,30.51612091064453
3,609.5143175582991,378.7696116255145,pole,1,30.397552490234375
4,551.2420696159122,402.5473679698217,pole,1,45.94662094116211
5,570.0,397.0,pole,1,52.31348419189453
