,x,y,category,consensus,depth
0,489.5,377.0,pole,2,94.02387237548828
1,418.5,378.0,pole,2,81.0162124633789
2,84.0,395.0,pole,2,51.76234817504883
3,283.0825617283951,385.32021604938274,pole,2,82.29924011230469
4,448.4953703703704,376.6396604938272,pole,1,83.548583984375
5,725.9675950898566,369.0402569032975,pole,1,88.49059295654297
