,x,y,category,consensus,depth
0,69.5,494.0,pole,3,22.284719467163086
1,632.5,620.0,pole,3,10.305301666259766
2,1276.0,432.0,pole,2,31.18721580505371
3,577.0594476654188,508.7425861030141,pole,2,19.756174087524414
4,186.80606021526063,465.1288352721343,pole,1,32.1795654296875
