,x,y,category,consensus,depth
0,9.0,420.0,pole,3,27.521808624267578
1,248.5,438.0,pole,3,22.4334716796875
2,746.5277777777778,403.1635802469136,pole,2,39.54646301269531
3,602.3512219459687,405.1335245675203,pole,1,35.35660171508789
