,x,y,category,consensus,depth
0,671.4704432441702,419.2922668038409,pole,3,22.24770736694336
1,689.0,418.0,pole,2,27.903715133666992
