,x,y,category,consensus,depth
0,553.1566213977218,380.7998821574645,pole,3,12.677637100219727
1,500.5,396.0,pole,2,53.40825653076172
2,31.0,553.0,pole,2,11.727188110351562
3,569.3071796867064,380.0428247376683,pole,1,12.640251159667969
4,543.8195798869026,380.5475296841991,pole,1,12.701348304748535
