,x,y,category,consensus,depth
0,669.0982492426841,399.5518916228472,pole,3,51.262210845947266
1,920.736867831695,377.2253598441549,pole,2,90.61206817626953
2,1216.0,469.0,pole,2,16.45942497253418
3,838.8599975298588,375.5004802188913,pole,1,90.55439758300781
4,709.0,366.0,pole,1,156.24830627441406
