,x,y,category,consensus,depth
0,962.0,426.0,pole,3,25.919408798217773
1,826.0,424.0,pole,3,27.258159637451172
2,803.5,423.0,pole,3,27.384611129760742
3,718.0,391.0,pole,3,49.683353424072266
4,758.0,428.0,pole,2,27.564788818359375
5,690.8249356291141,380.1153444323146,pole,2,63.334373474121094
6,589.093215133222,369.46679051124926,pole,1,68.035400390625
