,x,y,category,consensus,depth
0,134.0,470.0,pole,3,18.15446662902832
1,673.5,516.0,pole,3,11.892233848571777
2,32.443241490912214,523.2780885631003,pole,2,13.219980239868164
3,707.1521946831896,346.6717336730539,pole,1,63.922855377197266
