,x,y,category,consensus,depth
0,377.5,504.0,pole,3,16.061979293823242
1,443.0,515.0,pole,2,13.483153343200684
2,425.5,531.0,pole,2,13.27143669128418
3,398.0,554.0,pole,2,11.537403106689453
