,x,y,category,consensus,depth
0,243.06590224921783,409.09364145997927,pole,1,37.174461364746094
1,25.0,460.0,pole,1,23.934799194335938
