,x,y,category,consensus,depth
0,260.0,494.0,pole,1,14.071685791015625
1,706.6988870814453,403.4280714095042,pole,1,35.60528564453125
2,685.4017792393146,395.39601930904354,pole,1,47.92464065551758
3,670.3112571111764,392.8403663679879,pole,1,49.48575973510742
4,654.3688506693528,395.7611125863372,pole,1,47.88860321044922
