,x,y,category,consensus,depth
0,281.0,434.0,pole,3,27.0581111907959
1,13.0,503.0,pole,2,14.536240577697754
2,274.0,449.0,pole,2,25.433156967163086
3,169.5,457.0,pole,2,23.087053298950195
4,463.65801767752765,392.4637880196552,pole,1,55.35403823852539
5,469.7028107616866,394.9264814983867,pole,1,56.461673736572266
6,477.090891197881,395.1503627237259,pole,1,58.197689056396484
7,69.14457767471522,451.7109271450374,pole,1,24.030744552612305
