,x,y,category,consensus,depth
0,802.0,396.0,pole,3,43.2866325378418
1,1107.0,390.0,pole,1,43.0213737487793
2,1278.0,425.0,pole,1,12.483558654785156
