,x,y,category,consensus,depth
0,1025.5,415.0,pole,3,34.14324188232422
1,873.5,401.0,pole,3,53.37030792236328
2,817.0,405.0,pole,3,47.579166412353516
3,281.5,382.0,pole,1,34.97320556640625
