,x,y,category,consensus,depth
0,1179.0,394.0,pole,3,23.95088005065918
1,293.0,508.0,pole,2,14.891715049743652
2,992.0,414.0,pole,2,23.63332748413086
3,268.5,491.0,pole,2,15.682889938354492
4,885.0,415.0,pole,2,24.41583251953125
