,x,y,category,consensus,depth
0,777.0,396.0,pole,3,37.6096305847168
1,393.5,409.0,pole,1,26.6055965423584
