,x,y,category,consensus,depth
0,57.5,424.0,pole,3,30.601417541503906
1,125.0,413.0,pole,3,37.085792541503906
2,273.5,404.0,pole,3,51.44416046142578
3,233.5,404.0,pole,3,50.797481536865234
4,246.0,379.0,pole,1,52.87541961669922
5,633.0,389.0,pole,1,54.114051818847656
