,x,y,category,consensus,depth
0,811.8950254105702,404.6683884887975,pole,1,50.43716049194336
