,x,y,category,consensus,depth
0,785.5,422.0,pole,3,36.17522430419922
1,1036.0,551.0,pole,3,12.302412986755371
2,276.75596684003966,440.2512985110883,pole,2,33.576141357421875
3,542.7330622936765,404.9906706363212,pole,1,60.38654327392578
4,570.4995115588123,388.1047310098105,pole,1,99.14842224121094
5,552.5958381237987,396.6980879731837,pole,1,63.00132369995117
