,x,y,category,consensus,depth
0,1224.5,539.0,pole,1,9.674600601196289
1,414.0,398.0,pole,1,46.33470153808594
