,x,y,category,consensus,depth
0,1157.5,436.0,pole,3,27.36937141418457
1,1269.5,449.0,pole,3,23.039138793945312
2,1061.0,451.0,pole,3,27.7044734954834
3,817.0,425.0,pole,2,29.92673683166504
4,1195.125541355279,432.9422119459242,pole,1,26.99429702758789
5,1179.3137662616537,429.6048504869897,pole,1,27.229793548583984
6,1173.176554111839,431.2199063158881,pole,1,27.251211166381836
7,1128.2780020684622,431.2199063158881,pole,1,28.031177520751953
8,890.0,423.0,pole,1,34.72085952758789
