,x,y,category,consensus,depth
0,1160.5,693.0,pole,3,6.208014011383057
1,570.0,410.0,pole,2,41.98231887817383
2,812.5,434.0,pole,2,28.62354278564453
3,854.0,452.0,pole,2,22.597333908081055
4,590.5047874409986,398.26828114016826,pole,1,52.792694091796875
5,582.4295082965064,401.857294093276,pole,1,52.38676071166992
