,x,y,category,consensus,depth
0,1237.5,461.0,pole,3,19.55076026916504
1,1057.0,390.0,pole,3,56.67362594604492
2,146.0,359.0,pole,1,174.9283447265625
3,122.0,334.0,pole,1,175.11683654785156
4,1069.115276944254,369.318046505868,pole,1,89.37528228759766
