,x,y,category,consensus,depth
0,737.5,371.0,pole,3,85.07036590576172
1,775.8469793095566,364.4341176792792,pole,1,76.40911865234375
2,365.54783950617286,382.908950617284,pole,1,60.01686096191406
3,72.91666666666666,396.52777777777777,pole,1,30.44369125366211
