,x,y,category,consensus,depth
0,33.5,492.0,pole,3,14.161667823791504
1,558.0,417.0,pole,2,39.83612060546875
2,541.5,414.0,pole,2,42.873138427734375
3,582.6818607697717,429.5039094976836,pole,2,34.48616409301758
