,x,y,category,consensus,depth
0,1002.0,596.0,pole,3,9.865134239196777
1,329.5,416.0,pole,3,45.38775634765625
2,689.5,400.0,pole,3,52.284027099609375
3,677.8335048010974,399.1983882030179,pole,2,53.657474517822266
4,360.2478929707744,432.1114171334401,pole,2,34.11125946044922
5,500.66730695852186,402.7545473315529,pole,2,55.85282897949219
6,504.4806332211988,401.1843541645683,pole,1,57.56853485107422
7,358.5,414.0,pole,1,41.80997848510742
