,x,y,category,consensus,depth
0,1002.949669745942,430.25087281854906,pole,1,32.59841537475586
