,x,y,category,consensus,depth
0,785.5,453.0,pole,3,21.757741928100586
1,610.5,394.0,pole,3,52.830780029296875
2,416.7619265355892,375.1322474899025,pole,1,72.45686340332031
