,x,y,category,consensus,depth
0,569.0,378.0,pole,2,47.94583511352539
1,533.5,407.0,pole,2,28.578832626342773
2,557.0,386.0,pole,2,41.97422790527344
3,1011.0,495.0,pole,2,13.587931632995605
4,1254.0,608.0,pole,2,7.4876580238342285
5,98.0,553.0,pole,1,9.744659423828125
