,x,y,category,consensus,depth
0,1271.0,626.0,pole,3,7.213962554931641
1,623.0,460.0,pole,3,22.077972412109375
