,x,y,category,consensus,depth
0,358.8452169833759,379.285767317872,pole,3,59.03422546386719
