,x,y,category,consensus,depth
0,512.0590063443074,403.2171639231825,pole,3,37.89265441894531
1,528.6077727984651,379.3766142082477,pole,2,53.99171447753906
2,665.5,372.0,pole,1,68.6751480102539
