,x,y,category,consensus,depth
0,678.5,522.0,pole,3,14.726346969604492
1,791.5,516.0,pole,3,14.415842056274414
2,988.0,495.0,pole,3,15.44547176361084
