,x,y,category,consensus,depth
0,579.0,399.0,pole,3,45.215736389160156
1,877.5,431.0,pole,3,27.858673095703125
2,425.5,444.0,pole,3,24.948467254638672
3,497.0,402.0,pole,2,40.554473876953125
4,564.5,397.0,pole,2,62.038665771484375
5,533.5,399.0,pole,2,45.280433654785156
6,625.7533809067073,396.4558295988488,pole,2,54.324100494384766
7,601.4064142860631,398.6361549678617,pole,2,44.69087219238281
8,994.0,455.0,pole,1,13.048483848571777
