,x,y,category,consensus,depth
0,260.0,419.0,pole,3,36.68546676635742
1,449.4330847050755,392.83532664609055,pole,1,13.17177963256836
2,1186.0,531.0,pole,1,10.487139701843262
3,1078.0,508.0,pole,1,12.346153259277344
4,902.0,462.0,pole,1,19.043458938598633
