,x,y,category,consensus,depth
0,985.0,473.0,pole,3,14.787467002868652
1,1096.5,487.0,pole,3,13.827075004577637
2,54.5,370.0,pole,1,35.10627365112305
