,x,y,category,consensus,depth
0,1149.034957990398,412.9292052469136,pole,3,29.767507553100586
1,201.0,609.0,pole,3,8.976184844970703
2,773.5,566.0,pole,3,10.328177452087402
3,1165.0,419.0,pole,2,29.663022994995117
4,1171.808020404664,417.9526748971194,pole,2,29.952022552490234
5,1177.5012860082306,416.2781850137175,pole,1,30.069950103759766
