,x,y,category,consensus,depth
0,565.0,469.0,pole,3,18.072284698486328
1,245.0,402.0,pole,3,29.509614944458008
2,1017.0,536.0,pole,2,13.132184982299805
3,821.5,532.0,pole,2,14.118582725524902
