,x,y,category,consensus,depth
0,905.5,420.0,pole,3,37.16635513305664
1,441.0,350.0,pole,1,167.58489990234375
