,x,y,category,consensus,depth
0,869.0,457.0,pole,2,24.941490173339844
1,786.0,452.0,pole,2,26.686758041381836
2,475.5,456.0,pole,1,27.582677841186523
