,x,y,category,consensus,depth
0,1028.5,511.0,pole,3,11.739482879638672
1,116.5,534.0,pole,3,15.371845245361328
2,290.87428260945785,442.6993678121473,pole,1,33.476436614990234
3,768.6373700893539,408.6220451579409,pole,1,35.478145599365234
4,775.6144112701952,406.76150084304993,pole,1,35.062950134277344
