,x,y,category,consensus,depth
0,158.5,450.0,pole,3,40.375335693359375
1,473.5,499.0,pole,3,16.663347244262695
2,317.5,431.0,pole,3,55.60817337036133
3,665.5,497.0,pole,3,16.458192825317383
4,569.0,396.0,pole,2,131.94317626953125
5,697.936686123495,385.8303773005259,pole,2,79.52053833007812
6,477.4305555555556,406.0570987654321,pole,1,97.32986450195312
