,x,y,category,consensus,depth
0,831.5516760973937,414.60369513031554,pole,3,33.071807861328125
1,794.3780006858711,380.109203532236,pole,3,58.686649322509766
2,296.0,446.0,pole,2,23.207246780395508
3,261.0,455.0,pole,2,21.60039520263672
4,221.5,462.0,pole,2,20.232810974121094
5,178.0,473.0,pole,2,17.901376724243164
6,130.0,482.0,pole,2,16.682783126831055
7,73.5,494.0,pole,2,15.591158866882324
8,7.5,509.0,pole,2,14.42653751373291
9,268.92307527434843,446.0841049382717,pole,2,21.654090881347656
