,x,y,category,consensus,depth
0,360.4804610101357,370.9460227813977,pole,3,87.85758209228516
1,653.0,368.0,pole,2,72.99560546875
2,317.0,369.0,pole,1,65.7374496459961
