,x,y,category,consensus,depth
0,75.5,503.0,pole,3,15.133662223815918
1,4.5,470.0,pole,3,20.175100326538086
2,304.5,413.0,pole,3,41.7115478515625
3,852.5,509.0,pole,3,15.348166465759277
4,281.5,400.0,pole,3,55.87269592285156
5,1165.0,540.0,pole,3,9.844252586364746
6,1037.5,485.0,pole,3,14.745484352111816
7,819.5,487.0,pole,2,17.22136878967285
8,155.5,491.0,pole,2,17.37504005432129
9,118.0,502.0,pole,2,16.09459686279297
10,842.9382073045268,498.663087277092,pole,2,15.980878829956055
