,x,y,category,consensus,depth
0,1053.5,395.0,pole,2,58.698150634765625
1,731.8916198702561,374.8996794505412,pole,2,94.77482604980469
2,909.108465863626,380.01617631649145,pole,2,91.05081939697266
3,856.0829528892319,369.5506145452295,pole,1,49.94281768798828
