,x,y,category,consensus,depth
0,997.5,435.0,pole,3,33.10468292236328
1,841.5,381.0,pole,2,142.95069885253906
2,814.0,376.0,pole,2,72.86495208740234
3,885.5,392.0,pole,2,105.70073699951172
4,795.0,371.0,pole,2,91.83450317382812
5,1013.5,407.0,pole,2,69.12833404541016
