,x,y,category,consensus,depth
0,381.6441525920211,415.8316543781437,pole,3,42.59049606323242
1,755.5298353909466,413.5990012002744,pole,3,32.57614517211914
2,938.5,447.0,pole,3,21.48530387878418
3,1115.0,614.0,pole,3,8.585171699523926
4,725.0,416.0,pole,2,33.33635711669922
5,775.5,450.0,pole,2,22.238035202026367
6,421.4636793078115,398.8571035777875,pole,1,54.12029266357422
