,x,y,category,consensus,depth
0,940.5,597.0,pole,3,9.310160636901855
1,1261.0,615.0,pole,2,8.669827461242676
2,263.79243827160496,477.91280864197535,pole,2,18.39836311340332
3,604.0,460.0,pole,1,24.7790470123291
