,x,y,category,consensus,depth
0,679.1309760518013,396.81921716035095,pole,3,34.59767532348633
