,x,y,category,consensus,depth
0,633.5,426.0,pole,2,27.157793045043945
1,853.5,373.0,pole,2,64.92253112792969
2,805.9507114913202,374.8485696629558,pole,1,57.61581802368164
