,x,y,category,consensus,depth
0,1176.0,642.0,pole,3,7.373047351837158
1,440.5,415.0,pole,3,34.931488037109375
2,477.0,406.0,pole,2,37.31763458251953
3,463.9732385259489,410.9477255515547,pole,2,36.84000015258789
4,641.0156584897977,371.30133506375535,pole,1,114.19940948486328
