,x,y,category,consensus,depth
0,277.9858547962,376.0893639552616,pole,3,61.767051696777344
1,300.0630311838176,374.3791601505869,pole,2,68.57530975341797
2,258.1095941003937,373.3310664994583,pole,1,31.844341278076172
3,558.0,374.0,pole,1,67.92595672607422
4,507.0,365.0,pole,1,93.34069061279297
