,x,y,category,consensus,depth
0,769.1936728395062,443.67283950617286,pole,3,37.89607238769531
1,101.38888888888889,556.9444444444445,pole,3,12.037811279296875
2,1029.0,450.0,pole,2,28.254453659057617
3,961.5,448.0,pole,2,29.53724479675293
4,690.5864197530865,452.3533950617284,pole,1,32.236793518066406
