,x,y,category,consensus,depth
0,986.54045017186,424.070445307688,pole,2,25.03199577331543
1,745.5,367.0,pole,2,89.40498352050781
2,783.3020770157518,359.9959442614661,pole,2,180.05487060546875
3,759.5312874050761,364.846909675172,pole,1,92.90457153320312
4,755.9119495641174,366.25933419847286,pole,1,135.93563842773438
