,x,y,category,consensus,depth
0,1031.25,477.0833333333333,pole,3,24.87055206298828
1,629.0,447.0,pole,3,26.822633743286133
2,573.5,442.0,pole,3,28.6652889251709
3,1269.0,517.0,pole,2,13.980772018432617
4,1199.5,503.0,pole,2,17.03390884399414
5,1171.5,521.0,pole,2,14.637386322021484
6,1119.0,499.0,pole,2,15.89000415802002
7,1092.0,474.0,pole,2,24.490842819213867
8,919.5,483.0,pole,2,24.12676429748535
9,1022.5,482.0,pole,2,23.85379409790039
10,1229.0,719.0,pole,2,5.414271831512451
