,x,y,category,consensus,depth
0,1113.5,392.0,pole,3,33.45034408569336
1,1169.5,377.0,pole,3,36.95982360839844
2,66.0,510.0,pole,3,13.667452812194824
