,x,y,category,consensus,depth
0,853.5,405.0,pole,3,34.781883239746094
1,1148.8861144452069,398.6216194654017,pole,1,35.22256088256836
2,1227.5,398.0,pole,1,33.1643180847168
