,x,y,category,consensus,depth
0,28.45293209876544,429.68750000000006,pole,3,23.4008731842041
