,x,y,category,consensus,depth
0,361.5,397.0,pole,3,66.96745300292969
1,305.5,420.0,pole,3,36.69624710083008
