,x,y,category,consensus,depth
0,805.5,447.0,pole,3,25.92230796813965
1,1033.5,552.0,pole,3,11.714632987976074
2,412.2594092935528,416.61308299039786,pole,1,35.18522644042969
3,258.54123799725653,459.8149219821674,pole,1,19.657276153564453
4,169.123478223594,377.7649176954733,pole,1,65.40058135986328
5,738.3453829625344,414.9595242305385,pole,1,41.985843658447266
6,713.7513128000687,407.63363099065504,pole,1,48.31409454345703
