,x,y,category,consensus,depth
0,579.0944180098309,392.34228240264446,pole,2,106.32593536376953
1,558.860998585391,390.9468741664762,pole,1,105.5883560180664
2,486.0,369.0,pole,1,109.16739654541016
