,x,y,category,consensus,depth
0,1103.0,515.0,pole,3,13.900229454040527
1,446.5629366904234,353.37421536298245,pole,3,117.14096069335938
2,705.536805964852,368.3157102976497,pole,3,98.46818542480469
3,608.9880275373127,353.85671449449165,pole,1,193.13363647460938
4,1278.5,476.0,pole,1,12.034912109375
