,x,y,category,consensus,depth
0,437.5,420.0,pole,3,47.674861907958984
1,502.0,407.0,pole,2,60.51842498779297
2,452.5,405.0,pole,2,54.68252944946289
3,405.5,421.0,pole,2,40.932559967041016
4,690.0,398.0,pole,1,53.6747932434082
