,x,y,category,consensus,depth
0,706.6347307956105,387.14206104252406,pole,3,48.553157806396484
1,446.53063557384553,408.8546131973023,pole,3,36.72088623046875
