,x,y,category,consensus,depth
0,174.0,498.0,pole,3,18.20697593688965
1,292.0,538.0,pole,3,13.885553359985352
2,1074.45987654321,473.0902777777778,pole,1,18.10451889038086
3,1059.0,484.0,pole,1,15.922101974487305
