,x,y,category,consensus,depth
0,670.9587935575752,370.71345474203633,pole,3,105.95089721679688
1,690.0,380.0,pole,3,61.26039123535156
