,x,y,category,consensus,depth
0,355.0,369.0,pole,1,123.75254821777344
1,369.0,370.0,pole,1,128.4368438720703
