,x,y,category,consensus,depth
0,1227.0,415.0,pole,3,32.04680252075195
1,248.5,586.0,pole,3,9.295985221862793
2,916.5,487.0,pole,2,16.524147033691406
3,1106.5,453.0,pole,2,21.345762252807617
4,1057.5,460.0,pole,2,20.728239059448242
5,997.0,472.0,pole,2,18.332386016845703
6,808.0,509.0,pole,2,14.645291328430176
7,666.0,538.0,pole,2,12.193236351013184
8,296.0,610.0,pole,2,8.901815414428711
