,x,y,category,consensus,depth
0,380.0,496.0,pole,3,15.688565254211426
1,425.0,519.0,pole,2,13.507048606872559
2,398.5,538.0,pole,2,11.858647346496582
3,441.5,504.0,pole,2,15.648240089416504
