,x,y,category,consensus,depth
0,284.2049632242147,317.96411631438383,pole,1,165.40773010253906
1,883.4608624828534,324.18124142661185,pole,1,130.39402770996094
2,788.6847350823047,318.1530778463649,pole,1,132.0845947265625
3,194.0,415.0,pole,1,22.18210220336914
