,x,y,category,consensus,depth
0,1039.5,555.0,pole,2,12.85841178894043
1,776.9633058984912,439.0512474279836,pole,2,29.17460060119629
2,751.8459576474623,428.6694101508917,pole,2,35.2415885925293
3,787.3451431755831,444.4096150548697,pole,2,28.26142120361328
4,587.9320035055632,373.50427121437286,pole,1,41.480159759521484
