,x,y,category,consensus,depth
0,962.5,373.0,pole,3,91.90166473388672
1,717.5,394.0,pole,3,56.397647857666016
2,1192.0,458.0,pole,3,19.266632080078125
3,933.5,359.0,pole,2,65.15347290039062
4,900.5,363.0,pole,2,151.49436950683594
5,922.2222222222222,393.05555555555554,pole,1,55.626953125
