,x,y,category,consensus,depth
0,731.8916198702561,381.1790165132984,pole,3,57.49380111694336
1,697.0,381.0,pole,2,61.43864440917969
2,349.5,460.0,pole,2,22.873207092285156
