,x,y,category,consensus,depth
0,665.0,395.0,pole,2,48.2095832824707
1,545.5,430.0,pole,2,28.434558868408203
2,519.5,460.0,pole,2,21.946186065673828
3,563.2716049382716,412.8086419753087,pole,2,38.0242805480957
4,472.57825598231983,393.03998652072863,pole,1,50.839393615722656
