,x,y,category,consensus,depth
0,729.5,391.0,pole,3,48.66737365722656
1,803.5,433.0,pole,3,25.26040267944336
2,687.0753611178461,379.43891564436007,pole,1,53.7795524597168
3,576.0904141680797,385.51382635806175,pole,1,74.24224853515625
4,672.9937639019872,371.4628406466452,pole,1,104.53966522216797
5,692.0514226829889,393.2660943367744,pole,1,50.39038848876953
