,x,y,category,consensus,depth
0,281.5,409.0,pole,3,64.5648422241211
1,169.77466873380584,422.34355948026223,pole,2,46.471195220947266
2,117.6794279168572,415.5990863387823,pole,2,47.253028869628906
3,96.98087241369456,425.5995120313215,pole,2,36.567955017089844
4,70.70068396585887,429.0880326217422,pole,2,37.58000183105469
5,257.5,410.0,pole,2,41.517738342285156
6,158.8439708838211,419.3201749685643,pole,2,45.551963806152344
7,230.0097909284027,410.9477255515547,pole,2,55.52484130859375
8,90.468967311576,428.39032850365805,pole,1,36.567955017089844
