,x,y,category,consensus,depth
0,822.0,455.0,pole,3,25.071691513061523
1,1107.5076088820304,583.3922753772291,pole,2,6.265873908996582
2,748.4567901234568,425.829475308642,pole,1,39.196014404296875
