,x,y,category,consensus,depth
0,773.0561628372201,411.6454296696388,pole,3,30.09092140197754
1,925.925925925926,481.77083333333337,pole,3,15.53568172454834
2,335.2328746570645,589.7553369341564,pole,2,7.59813928604126
