,x,y,category,consensus,depth
0,177.83082561728398,461.4894118655693,pole,3,16.98501968383789
1,93.5,484.0,pole,2,16.034555435180664
