,x,y,category,consensus,depth
0,866.0,483.0,pole,3,18.075946807861328
1,618.5,503.0,pole,2,15.282816886901855
2,552.0,492.0,pole,2,16.530914306640625
