,x,y,category,consensus,depth
0,830.0,522.0,pole,3,12.572921752929688
1,153.0,581.0,pole,2,10.506038665771484
2,391.5,586.0,pole,2,9.866975784301758
3,1276.0,453.0,pole,1,18.4834041595459
4,1210.0,469.0,pole,1,16.595096588134766
