,x,y,category,consensus,depth
0,477.9953713482512,376.8368784909774,pole,3,65.75489807128906
1,462.5207010528042,389.58915308629946,pole,3,62.859466552734375
2,1129.5,594.0,pole,3,8.467438697814941
3,750.0,416.0,pole,3,32.20323181152344
4,447.9057346626598,404.2041194764438,pole,2,45.630184173583984
5,49.30442434461211,458.1590375419144,pole,2,16.317853927612305
6,442.74751123084417,404.2041194764438,pole,1,44.7905158996582
7,736.5429806574838,375.8299516079866,pole,1,61.992549896240234
