,x,y,category,consensus,depth
0,1269.5,634.0,pole,3,7.962688446044922
1,98.5,652.0,pole,2,7.370129585266113
2,680.2615151320302,394.8811501656728,pole,1,35.25619888305664
3,690.5978724369803,416.3613926900223,pole,1,26.909032821655273
4,741.9566477959513,420.0760210964888,pole,1,24.38349151611328
