,x,y,category,consensus,depth
0,824.1839206104253,404.2218578532237,pole,3,44.0815544128418
1,885.0,410.0,pole,3,39.42619323730469
2,1278.5,422.0,pole,2,27.70196533203125
3,449.4086246427465,381.3952991175227,pole,2,54.27897644042969
4,46.97874395099833,406.9940688824113,pole,2,31.221723556518555
5,464.2153534054148,382.4529226005705,pole,2,52.63022232055664
6,828.2026963305899,405.2265517832648,pole,1,43.38775634765625
