,x,y,category,consensus,depth
0,1209.0,486.0,pole,2,25.51024055480957
1,1247.1064814814815,519.8688271604939,pole,2,16.636898040771484
2,27.294443508383928,502.6053739532,pole,2,37.25271224975586
