,x,y,category,consensus,depth
0,1100.5,503.0,pole,3,12.030197143554688
1,938.0,377.0,pole,3,54.46635055541992
2,1033.5,443.0,pole,2,18.595149993896484
