,x,y,category,consensus,depth
0,1065.5,427.0,pole,3,28.642295837402344
1,901.5,462.0,pole,3,20.504100799560547
2,789.0,454.0,pole,3,21.98418617248535
3,869.0,409.0,pole,3,40.6790771484375
4,502.0,402.0,pole,3,49.24596405029297
5,841.5,418.0,pole,2,38.379512786865234
6,806.5,415.0,pole,2,39.484806060791016
