,x,y,category,consensus,depth
0,263.3101851851852,436.9212962962963,pole,3,22.601573944091797
1,455.0,456.0,pole,3,20.575820922851562
2,721.0,442.0,pole,3,24.194114685058594
3,474.0,416.0,pole,1,20.88758659362793
