,x,y,category,consensus,depth
0,1112.5,528.0,pole,3,14.068860054016113
1,1026.0,489.0,pole,3,17.318260192871094
2,742.5,414.0,pole,3,32.5146369934082
3,148.5,504.0,pole,3,13.527606964111328
4,385.5,383.0,pole,3,50.2094612121582
5,374.0,402.0,pole,3,35.875755310058594
6,1248.0,689.0,pole,2,7.1304931640625
7,621.0,376.0,pole,2,52.268280029296875
