,x,y,category,consensus,depth
0,1027.5,435.0,pole,3,21.866369247436523
1,889.0,387.0,pole,3,42.49350357055664
2,782.0,373.0,pole,3,70.68193817138672
3,686.0,361.0,pole,3,98.556396484375
4,586.0,353.0,pole,3,124.41136932373047
5,576.3036015374944,386.29551337924863,pole,2,52.04866027832031
