,x,y,category,consensus,depth
0,545.0813422532293,391.0050161763165,pole,3,38.43901824951172
1,382.0,444.0,pole,3,19.311851501464844
2,1079.0,478.0,pole,3,15.088163375854492
3,990.0,356.0,pole,3,62.28873825073242
4,865.5,417.0,pole,3,25.995534896850586
5,348.5,419.0,pole,3,24.20595359802246
6,1.0,308.0,pole,2,100.43431854248047
7,286.0,344.0,pole,1,41.03512954711914
