,x,y,category,consensus,depth
0,825.5,463.0,pole,3,26.25066375732422
1,779.0,460.0,pole,3,28.074480056762695
2,355.0,539.0,pole,2,12.360109329223633
3,392.5,516.0,pole,2,14.389482498168945
4,333.5,458.0,pole,2,20.977317810058594
5,377.0,496.0,pole,2,16.175304412841797
6,421.5,461.0,pole,2,22.213842391967773
7,573.7453531045193,459.78701381744406,pole,1,24.8809871673584
8,537.6973070035057,461.8801261716965,pole,1,24.214569091796875
