,x,y,category,consensus,depth
0,852.0,431.0,pole,3,22.047245025634766
1,765.5,415.0,pole,3,26.863534927368164
2,70.0,469.0,pole,2,20.36136245727539
3,517.5,449.0,pole,2,21.609827041625977
4,178.0,463.0,pole,2,21.501733779907227
5,290.0,459.0,pole,2,21.30502700805664
6,403.5,455.0,pole,2,21.94603157043457
