,x,y,category,consensus,depth
0,1122.0,400.0,pole,3,40.643985748291016
1,797.5,394.0,pole,3,51.977230072021484
2,1097.5,406.0,pole,3,30.35761070251465
3,921.5,406.0,pole,3,31.392154693603516
4,706.0,383.0,pole,3,66.73332977294922
5,1205.0,386.0,pole,2,43.30171203613281
