,x,y,category,consensus,depth
0,906.635802469136,401.71682098765433,pole,3,42.18053436279297
1,851.0,431.0,pole,3,31.3581600189209
2,163.0,605.0,pole,2,9.336161613464355
3,658.0,489.0,pole,2,18.282121658325195
4,585.0,506.0,pole,2,16.699888229370117
5,485.0,529.0,pole,2,14.104532241821289
6,348.0,562.0,pole,2,10.934380531311035
7,715.0,477.0,pole,2,20.77743148803711
