,x,y,category,consensus,depth
0,695.2310638461328,391.6510385078759,pole,3,47.50886917114258
1,707.9371118160343,375.3648155292639,pole,3,62.6097297668457
2,286.0263872979168,405.8635298021823,pole,3,35.23647689819336
3,307.9911465709358,380.3456477055867,pole,2,75.33775329589844
4,227.0,413.0,pole,1,32.86400604248047
5,671.7622838324521,375.7528326921567,pole,1,28.583242416381836
6,294.2631720252989,381.7991979515953,pole,1,39.54286193847656
7,299.7543618435537,381.3146812029258,pole,1,75.33775329589844
