,x,y,category,consensus,depth
0,767.5,425.0,pole,3,23.006834030151367
1,82.36784727382133,422.3370992569466,pole,2,24.395973205566406
2,756.3564407037481,370.4674503354318,pole,1,41.74995422363281
