,x,y,category,consensus,depth
0,547.6048669858833,405.2780720642068,pole,3,51.87264633178711
1,525.1454968652641,402.7545473315529,pole,3,52.34000778198242
2,460.5,391.0,pole,3,81.75321960449219
3,514.0,401.0,pole,2,53.94347381591797
4,540.2555554364808,398.6216194654017,pole,1,51.896610260009766
5,536.7670348460601,403.5055482919906,pole,1,51.8546257019043
6,559.3261346641137,400.01702770156993,pole,1,51.92461013793945
7,676.1590149176956,423.9808384773663,pole,1,32.453125
