,x,y,category,consensus,depth
0,66.0,469.0,pole,3,19.957244873046875
1,362.0,427.0,pole,2,31.6296443939209
2,297.0,424.0,pole,2,31.343032836914062
3,832.5,513.0,pole,2,13.343205451965332
4,778.0,471.0,pole,2,18.018056869506836
5,769.5955504115227,464.1685956790124,pole,2,19.17739486694336
6,1.0,473.0,pole,1,19.063077926635742
