,x,y,category,consensus,depth
0,142.0,520.0,pole,2,12.233814239501953
1,127.0,488.0,pole,2,15.501764297485352
