,x,y,category,consensus,depth
0,402.0,493.0,pole,3,16.75812530517578
1,1102.0,383.0,pole,3,41.38792419433594
2,40.0,396.0,pole,1,20.62689971923828
3,773.0,393.0,pole,1,33.334102630615234
