,x,y,category,consensus,depth
0,338.5,512.0,pole,3,12.809930801391602
1,678.0,408.0,pole,3,29.234418869018555
2,1077.0,481.0,pole,3,15.038870811462402
3,1238.0,368.0,pole,3,61.10817337036133
4,1269.0,369.0,pole,3,60.68675994873047
