,x,y,category,consensus,depth
0,873.3603395061729,422.9359567901235,pole,3,33.7255744934082
1,810.5,418.0,pole,3,37.965660095214844
2,401.6026050230359,376.0460756124791,pole,1,27.839359283447266
