,x,y,category,consensus,depth
0,816.8952382568398,383.8987705291633,pole,2,65.41585540771484
1,943.0633996103873,401.1798678983768,pole,2,83.04216003417969
2,894.579475308642,416.6666666666667,pole,2,45.330135345458984
3,1146.3155864197531,424.8649691358025,pole,2,51.39256286621094
4,794.4459622351511,379.8611309569172,pole,2,77.27564239501953
5,781.0,374.0,pole,1,82.03583526611328
6,741.5,379.0,pole,1,108.55841064453125
