,x,y,category,consensus,depth
0,917.0,718.0,pole,2,5.728929042816162
1,239.0,397.0,pole,1,43.63026428222656
2,75.0,372.0,pole,1,87.25956726074219
