,x,y,category,consensus,depth
0,883.4608624828534,406.9010416666667,pole,3,37.54966735839844
1,850.3059627914953,398.8634902263375,pole,3,41.064090728759766
2,670.0,418.0,pole,3,32.83042907714844
3,373.5,426.0,pole,3,32.30841827392578
4,406.231245713306,383.7930812757202,pole,2,58.930660247802734
5,249.5,475.0,pole,2,19.923444747924805
6,774.2841220850481,400.8728780864198,pole,1,39.743370056152344
