,x,y,category,consensus,depth
0,849.5,471.0,pole,3,18.735023498535156
1,713.5,400.0,pole,2,43.049041748046875
