,x,y,category,consensus,depth
0,490.97222222222223,415.97222222222223,pole,3,31.72998809814453
1,781.5,420.0,pole,3,38.09441375732422
2,509.0,451.0,pole,2,23.68194007873535
3,521.5,443.0,pole,2,26.150806427001953
4,141.0,702.0,pole,2,6.289956092834473
5,505.7758868108295,435.0694887749556,pole,1,27.162490844726562
