,x,y,category,consensus,depth
0,568.3454374536859,376.7401331448341,pole,3,77.54479217529297
1,522.4484798072401,395.08934095611664,pole,3,57.277278900146484
2,438.0,417.0,pole,3,22.934707641601562
3,477.0,416.0,pole,3,39.16617965698242
