,x,y,category,consensus,depth
0,429.1704623473211,419.3859156428617,pole,3,39.15568923950195
1,532.1989042661634,394.88488872083246,pole,3,65.31474304199219
2,373.5,422.0,pole,2,38.104549407958984
3,555.924203931159,387.7109761733913,pole,1,85.49050903320312
4,92.0,468.0,pole,1,19.747400283813477
