,x,y,category,consensus,depth
0,577.5,396.0,pole,3,55.22834014892578
1,875.6186681955877,413.5059739845299,pole,2,46.000003814697266
2,676.5404265022482,400.7147318196541,pole,2,48.892452239990234
3,880.735165061538,416.064222417505,pole,2,45.201148986816406
4,678.4009708171393,400.94729985901546,pole,1,48.96046447753906
