,x,y,category,consensus,depth
0,783.5,403.0,pole,3,44.25758743286133
1,424.0,442.0,pole,3,25.058975219726562
2,506.0,396.0,pole,3,50.49899673461914
3,503.6865569272977,385.13267318244175,pole,1,58.067447662353516
4,929.0,421.0,pole,1,13.8986234664917
