,x,y,category,consensus,depth
0,845.5,338.0,pole,3,37.37253952026367
1,766.0,328.0,pole,2,58.8363151550293
2,797.1814630453479,334.36702707663375,pole,2,43.376712799072266
3,829.9872845698478,333.6099696568376,pole,2,42.016380310058594
4,794.4055858394287,329.8246825578568,pole,1,43.67624282836914
