,x,y,category,consensus,depth
0,362.0,405.0,pole,3,56.501441955566406
1,134.0,415.0,pole,3,52.818878173828125
2,165.5,401.0,pole,2,55.89942932128906
3,389.5,381.0,pole,2,62.478492736816406
4,257.5,395.0,pole,2,71.24888610839844
5,97.5,398.0,pole,2,117.8006362915039
6,480.24369855967086,379.1045096021948,pole,1,90.49601745605469
7,526.7945173182442,374.4159379286695,pole,1,84.63737487792969
8,492.3000257201647,376.42532578875176,pole,1,102.11270141601562
