,x,y,category,consensus,depth
0,786.0,437.0,pole,2,24.2824649810791
1,570.5,573.0,pole,2,11.293937683105469
2,769.5,447.0,pole,2,22.672597885131836
3,687.5,502.0,pole,2,16.310577392578125
4,721.0,480.0,pole,2,18.12911605834961
5,749.5,462.0,pole,2,20.494483947753906
6,638.0,532.0,pole,2,14.019172668457031
7,472.5,634.0,pole,2,8.642914772033691
8,1123.8027441695745,393.0457313364654,pole,1,30.09978675842285
9,306.5,719.0,pole,1,6.8413543701171875
