,x,y,category,consensus,depth
0,324.0,444.0,pole,3,27.952877044677734
1,150.0,451.0,pole,2,26.366201400756836
