,x,y,category,consensus,depth
0,257.0,410.0,pole,3,35.50709915161133
1,1225.0,413.0,pole,3,45.822601318359375
