,x,y,category,consensus,depth
0,1183.0,674.0,pole,3,6.471595287322998
1,1266.0,652.0,pole,3,6.647365570068359
2,747.1999013092226,418.3530845852693,pole,3,33.314815521240234
3,952.0,587.0,pole,2,10.041853904724121
4,910.0,558.0,pole,2,11.242238998413086
5,17.5,563.0,pole,2,11.189499855041504
6,209.67462298674224,434.2481359950728,pole,1,29.365345001220703
