,x,y,category,consensus,depth
0,707.813638554782,377.82773080567216,pole,3,68.43885040283203
1,391.0,447.0,pole,3,27.61156463623047
2,805.5,407.0,pole,3,37.54383850097656
3,745.5,389.0,pole,3,54.393768310546875
4,497.89142975260256,404.2686621711451,pole,1,51.26006317138672
5,491.8349703942333,403.2592522780836,pole,1,51.12556076049805
6,658.569857313412,370.2922055623308,pole,1,94.6929702758789
7,651.2095768431715,382.9098292256001,pole,1,94.65036010742188
