,x,y,category,consensus,depth
0,713.0,399.0,pole,3,45.4061164855957
1,787.5192901234568,448.0131172839506,pole,3,20.548166275024414
2,687.7123478430625,383.26322489989,pole,3,73.55245208740234
3,464.9828930375909,406.4515001120923,pole,1,42.89632034301758
4,484.59239523598137,408.82840946947294,pole,1,48.207298278808594
5,488.45487294172494,407.6399547907826,pole,1,48.496116638183594
