,x,y,category,consensus,depth
0,361.0,469.0,pole,3,17.54583168029785
1,461.0,396.0,pole,3,33.940399169921875
2,532.2793407225894,345.06384846843724,pole,2,137.94940185546875
3,675.4892189643348,381.1138974622771,pole,1,48.32196044921875
