,x,y,category,consensus,depth
0,1245.0,477.0,pole,3,16.3521785736084
1,1226.0,491.0,pole,3,15.249670028686523
2,1159.0,514.0,pole,2,13.481270790100098
3,888.5,479.0,pole,2,16.90576171875
4,954.5,488.0,pole,2,15.879734992980957
5,1045.5,505.0,pole,2,15.033951759338379
6,1121.0,482.0,pole,1,15.865635871887207
