,x,y,category,consensus,depth
0,742.5,415.0,pole,3,38.54967498779297
1,723.0,418.0,pole,3,39.024810791015625
2,922.5,529.0,pole,3,13.079865455627441
3,29.0,519.0,pole,3,13.851834297180176
4,90.52710932141632,461.5312741126544,pole,3,22.63990592956543
5,440.6074183213605,422.1856877729875,pole,2,43.95917510986328
6,700.1267018274813,414.2618201124543,pole,2,40.474456787109375
7,447.1685826262605,420.4192204601298,pole,1,43.95917510986328
8,401.7451374384913,419.914515513599,pole,1,34.155452728271484
