,x,y,category,consensus,depth
0,121.0,429.0,pole,3,21.992935180664062
1,437.0,475.0,pole,3,15.39848804473877
2,1073.5,423.0,pole,2,29.337635040283203
3,1067.591157731055,416.3815808878836,pole,1,31.66763687133789
4,906.1535493827162,420.04243827160496,pole,1,27.871063232421875
