,x,y,category,consensus,depth
0,414.7028291512103,415.782503270323,pole,3,46.247032165527344
1,744.0562203735193,423.95215508584505,pole,2,34.621925354003906
2,422.2605479849996,418.4816885681049,pole,1,40.69207763671875
3,747.7708487799857,414.584831278234,pole,1,39.469905853271484
