,x,y,category,consensus,depth
0,342.0,371.0,pole,1,133.3238525390625
1,402.0,363.0,pole,1,100.05785369873047
2,421.5,356.0,pole,1,34.71757125854492
