,x,y,category,consensus,depth
0,760.9953703703704,397.37654320987656,pole,2,36.28817367553711
