,x,y,category,consensus,depth
0,451.18199636107306,363.9689816005564,pole,2,57.97719955444336
