,x,y,category,consensus,depth
0,1234.0,433.0,pole,3,21.210697174072266
1,1150.0,387.0,pole,3,45.101539611816406
2,1178.0,387.0,pole,3,44.13418197631836
3,1193.5,435.0,pole,2,20.741313934326172
4,381.0,483.0,pole,2,20.785554885864258
5,429.5,489.0,pole,2,18.753196716308594
6,501.0,457.0,pole,2,24.187049865722656
7,477.0,443.0,pole,2,31.817729949951172
8,1204.1666666666663,430.55555555555554,pole,2,21.86531639099121
9,543.75,442.3611111111111,pole,2,31.118656158447266
