,x,y,category,consensus,depth
0,1034.6952071187702,416.7619265355892,pole,3,43.08995056152344
1,548.1628687747676,385.5978092611645,pole,2,55.03440856933594
2,515.8359113035361,383.5046969069121,pole,2,53.90937423706055
