,x,y,category,consensus,depth
0,581.4200984034447,402.5752761345451,pole,1,53.80536651611328
