,x,y,category,consensus,depth
0,817.5,431.0,pole,3,26.22641372680664
1,734.4312628600824,425.99022633744863,pole,2,30.05629539489746
2,728.7379972565159,422.97614454732513,pole,2,30.563400268554688
3,671.1355452674898,385.80246913580254,pole,1,60.95186233520508
4,610.8539094650206,389.1514489026064,pole,1,59.19218826293945
5,608.1747256515775,389.8212448559671,pole,1,59.19218826293945
