,x,y,category,consensus,depth
0,969.529642489712,567.6520704732511,pole,3,11.405717849731445
1,123.57735339506172,564.9728866598081,pole,3,19.915695190429688
2,241.5,625.0,pole,3,11.56155776977539
3,978.0,598.0,pole,2,10.52709674835205
4,1189.0,515.0,pole,2,13.425026893615723
5,1102.5,553.0,pole,2,12.186481475830078
6,1251.5,488.0,pole,2,15.6961030960083
