,x,y,category,consensus,depth
0,819.5,509.0,pole,2,18.298274993896484
1,945.0,498.0,pole,2,18.08566665649414
