,x,y,category,consensus,depth
0,1015.0,434.0,pole,3,32.13077163696289
1,607.0,470.0,pole,2,30.037912368774414
2,556.5,474.0,pole,2,25.383686065673828
3,357.5,482.0,pole,2,23.313365936279297
4,433.0,478.0,pole,2,26.773099899291992
5,681.5,434.0,pole,2,50.25490951538086
6,502.0833333333333,476.38888888888886,pole,2,25.645029067993164
7,655.3819444444445,454.28240740740745,pole,2,36.3717041015625
