,x,y,category,consensus,depth
0,758.0,414.0,pole,3,31.690786361694336
1,457.0,447.0,pole,2,21.026893615722656
2,392.5,412.0,pole,2,28.173507690429688
3,437.0,459.0,pole,2,19.505828857421875
4,581.4200984034447,413.27340594516846,pole,1,46.50923538208008
5,551.8839574045497,413.7385420238912,pole,1,27.790870666503906
