,x,y,category,consensus,depth
0,675.5,392.0,pole,3,100.75884246826172
1,464.5,415.0,pole,3,41.83072280883789
2,965.5,423.0,pole,3,53.602943420410156
3,574.0,401.0,pole,2,59.86275863647461
4,546.0,398.0,pole,2,71.78923797607422
5,505.3703495322741,391.64457828456034,pole,1,64.59574127197266
6,833.0,413.0,pole,1,61.49513244628906
