,x,y,category,consensus,depth
0,553.5,406.0,pole,3,46.17420959472656
1,666.7818715706447,418.95736882716056,pole,1,38.56718444824219
