,x,y,category,consensus,depth
0,870.0,420.0,pole,3,21.57291030883789
1,505.0,447.0,pole,2,19.873586654663086
2,638.0,446.0,pole,2,19.594106674194336
3,1190.311639125782,397.183204249806,pole,1,26.94931411743164
4,1128.652695020767,403.9706843707133,pole,1,25.32389259338379
