,x,y,category,consensus,depth
0,806.0,447.0,pole,3,22.062976837158203
1,988.0,383.0,pole,3,50.969482421875
2,817.1510631001372,439.386145404664,pole,2,23.35797119140625
3,1018.424747085048,383.1232853223594,pole,1,52.08184814453125
