,x,y,category,consensus,depth
0,869.5,423.0,pole,3,29.27062225341797
1,885.5,406.0,pole,2,37.20973205566406
2,929.5,418.0,pole,2,32.802940368652344
3,819.1046346307729,395.59823495370375,pole,2,44.62957763671875
4,823.9885634573618,399.5518916228472,pole,2,40.9375114440918
5,834.0,406.0,pole,2,38.142276763916016
6,829.1050603233122,400.4821637802927,pole,2,40.874385833740234
7,753.7334586420457,368.7572538254021,pole,1,62.44949722290039
8,453.5,423.0,pole,1,25.84796905517578
