,x,y,category,consensus,depth
0,750.0,471.0,pole,2,21.565534591674805
1,695.5,438.0,pole,2,31.132938385009766
2,717.5,445.0,pole,2,28.84933090209961
3,298.0,483.0,pole,2,19.362869262695312
4,310.0,474.0,pole,2,20.69758415222168
5,673.5,434.0,pole,2,31.98737907409668
6,664.1109568430456,449.63154276533055,pole,2,26.29603385925293
