,x,y,category,consensus,depth
0,767.7070979319084,403.738116331352,pole,3,52.91878890991211
1,353.5,467.0,pole,2,23.09956932067871
2,841.0,474.0,pole,2,22.080638885498047
3,829.0,468.0,pole,2,24.59848976135254
4,368.4413580246914,461.033950617284,pole,2,24.849777221679688
5,737.2406847755678,393.03998652072863,pole,2,67.45209503173828
