,x,y,category,consensus,depth
0,282.5,551.0,pole,3,11.675966262817383
1,18.0,552.0,pole,2,11.278870582580566
