,x,y,category,consensus,depth
0,836.226851851852,503.47222222222223,pole,3,14.336593627929688
1,784.5638393820789,448.6826974658528,pole,3,21.27086639404297
2,92.5,478.0,pole,3,19.188613891601562
3,974.5,587.0,pole,3,9.13453483581543
4,747.5,474.0,pole,2,18.674875259399414
5,762.0,484.0,pole,2,16.560184478759766
6,1053.5,584.0,pole,2,9.294848442077637
7,1126.0,585.0,pole,1,9.396417617797852
8,1129.0,566.0,pole,1,10.446166038513184
9,1116.5,581.0,pole,1,9.384584426879883
