,x,y,category,consensus,depth
0,1251.178840877915,414.2687971536352,pole,3,40.99456787109375
1,264.8949968326094,392.8074184813672,pole,1,22.167617797851562
