,x,y,category,consensus,depth
0,798.0,411.0,pole,3,36.850460052490234
1,749.5,396.0,pole,3,43.3078498840332
2,1175.0,537.0,pole,2,11.787284851074219
3,689.7903445225311,383.0912426147141,pole,2,73.0224609375
4,719.9918885229323,396.81921716035095,pole,2,46.94813537597656
5,709.1710144693126,381.4761867858156,pole,1,71.56068420410156
6,725.9675950898566,389.2284547645282,pole,1,52.04839324951172
