,x,y,category,consensus,depth
0,1037.0,508.0,pole,3,13.86664867401123
1,713.5,397.0,pole,3,48.07447052001953
2,765.5,406.0,pole,2,42.450374603271484
3,790.0,414.0,pole,2,34.142112731933594
4,742.5,395.0,pole,2,51.83930969238281
5,817.5,423.0,pole,2,29.21704864501953
6,566.6473765432099,380.7789994855967,pole,1,80.79519653320312
7,702.0796014363113,383.57374754730336,pole,1,69.60679626464844
