,x,y,category,consensus,depth
0,869.0,428.0,pole,3,31.49686622619629
1,1258.5,587.0,pole,2,9.435641288757324
2,404.5,562.0,pole,2,10.490415573120117
3,1167.5,618.0,pole,2,8.779892921447754
4,637.9341319682595,350.9451713963192,pole,1,170.34573364257812
