,x,y,category,consensus,depth
0,1201.6790593802396,392.34228240264446,pole,1,19.334247589111328
