,x,y,category,consensus,depth
0,698.7847222222223,463.9274691358025,pole,3,18.805259704589844
1,120.5,458.0,pole,3,23.663427352905273
2,771.0,502.0,pole,3,15.194926261901855
3,647.5,453.0,pole,2,20.147104263305664
4,638.5030864197531,448.0131172839506,pole,2,21.406295776367188
