,x,y,category,consensus,depth
0,922.0,498.0,pole,3,14.906311988830566
1,312.0,464.0,pole,3,20.917709350585938
2,801.0,435.0,pole,3,26.026460647583008
3,710.0,387.0,pole,3,50.9038200378418
4,657.5,370.0,pole,2,76.13368225097656
5,525.655864197531,470.1967592592593,pole,2,20.35441780090332
6,675.3933555311041,369.0654921506241,pole,1,75.82232666015625
