,x,y,category,consensus,depth
0,557.0,391.0,pole,3,44.50090789794922
1,945.5,451.0,pole,3,20.162250518798828
2,1041.0,586.0,pole,3,8.769736289978027
3,818.0,410.0,pole,3,31.282678604125977
4,385.5,423.0,pole,3,26.949785232543945
5,414.203678102614,438.62332223555865,pole,2,24.085712432861328
6,321.055438740073,362.175839760969,pole,2,46.579002380371094
7,412.5,416.0,pole,1,30.460567474365234
