,x,y,category,consensus,depth
0,420.2969607338821,363.6992026748972,pole,2,39.079627990722656
