,x,y,category,consensus,depth
0,1086.4090363511662,367.7179783950618,pole,3,51.912384033203125
1,564.4426315300641,422.5761275196236,pole,3,29.243318557739258
2,236.7862654320988,482.2530864197531,pole,3,15.333794593811035
3,206.0,548.0,pole,3,10.460654258728027
4,1011.5,459.0,pole,3,16.67211151123047
5,264.5,369.0,pole,1,32.86498260498047
