,x,y,category,consensus,depth
0,616.7181487344421,395.7225036329261,pole,1,61.92563247680664
1,645.2148036449337,399.7263176523682,pole,1,45.692657470703125
2,657.0047111958925,400.53384556681743,pole,1,44.78676986694336
3,667.9870908324019,399.7263176523682,pole,1,44.434261322021484
4,680.5845262978099,402.3104069786057,pole,1,43.20320129394531
5,694.7970175921164,403.11793489305495,pole,1,43.53358840942383
6,727.4211453358652,405.8635298021823,pole,1,39.181251525878906
7,744.7022427050787,406.3480465508519,pole,1,38.75735855102539
8,769.5,410.0,pole,1,40.34417724609375
