,x,y,category,consensus,depth
0,840.0,456.0,pole,3,20.927095413208008
1,458.5,362.0,pole,1,25.904376983642578
2,422.0,357.0,pole,1,66.43460083007812
3,433.5,364.0,pole,1,25.95224380493164
