,x,y,category,consensus,depth
0,552.5105990661623,371.7858518124249,pole,3,98.30835723876953
1,498.56773438095377,384.3832872778328,pole,3,55.45873260498047
2,375.0,421.0,pole,3,32.380104064941406
3,241.5,485.0,pole,2,17.44029426574707
4,865.0,482.0,pole,2,17.289793014526367
5,882.0,494.0,pole,2,15.543322563171387
6,267.5,476.0,pole,2,19.087154388427734
7,517.5,374.0,pole,1,95.00081634521484
8,624.2190778692537,371.62434622953504,pole,1,100.17594909667969
9,449.0,383.0,pole,1,55.35051345825195
