,x,y,category,consensus,depth
0,522.0,377.0,pole,3,96.67655944824219
1,389.0,390.0,pole,3,66.92845153808594
2,408.24063357338827,378.4347136488341,pole,2,116.94194793701172
3,363.6992026748972,383.1232853223594,pole,2,77.59898376464844
4,505.69594478738,372.4065500685872,pole,2,97.09420776367188
5,441.5,376.0,pole,2,111.80091094970703
6,251.0,410.0,pole,2,41.69455337524414
7,572.6755401234568,370.0622642318244,pole,1,130.79898071289062
8,608.8445216049383,368.3877743484225,pole,1,94.92960357666016
