,x,y,category,consensus,depth
0,252.5,658.0,pole,2,7.414607048034668
1,437.5,446.0,pole,2,26.614967346191406
2,469.5,409.0,pole,2,41.61033630371094
3,456.2114197530864,423.900462962963,pole,2,32.62237548828125
