,x,y,category,consensus,depth
0,68.5,719.0,pole,3,5.989229679107666
1,234.5,651.0,pole,2,7.833660125732422
2,329.5,584.0,pole,2,9.783950805664062
3,388.5,541.0,pole,2,12.2012939453125
