,x,y,category,consensus,depth
0,945.0,483.0,pole,3,15.429483413696289
1,365.0387945816187,554.9259473593964,pole,2,7.588521957397461
