,x,y,category,consensus,depth
0,298.0,424.0,pole,2,21.66754150390625
1,398.0,437.0,pole,2,31.93802261352539
2,437.0,428.0,pole,2,33.04067611694336
3,335.0,442.0,pole,2,30.18081283569336
4,462.8290037722908,420.6318587105625,pole,2,37.29783248901367
