,x,y,category,consensus,depth
0,903.0,405.0,pole,3,42.40157699584961
1,6.0,431.0,pole,3,28.288118362426758
2,235.0,719.0,pole,3,5.841220378875732
3,515.5,590.0,pole,2,10.094998359680176
4,461.0,631.0,pole,2,8.380192756652832
5,364.5,672.0,pole,2,7.622296333312988
6,698.2622813786008,376.76022376543216,pole,2,84.86083984375
