,x,y,category,consensus,depth
0,678.0,388.0,pole,3,58.8349723815918
1,764.5,426.0,pole,3,31.546192169189453
2,1237.0,478.0,pole,3,17.02425193786621
3,960.822295096022,413.264103223594,pole,1,33.414241790771484
4,445.9979475419461,377.4772412594703,pole,1,36.37266540527344
5,449.32759823086434,375.7247935284606,pole,1,37.26700973510742
6,452.6572489197826,374.6733248898549,pole,1,69.33416748046875
7,455.285920516297,373.9723457974511,pole,1,77.57080078125
8,458.7908159783162,372.92087715884526,pole,1,78.84801483154297
