,x,y,category,consensus,depth
0,800.2601632191856,361.7725056732544,pole,2,64.7607421875
1,857.3302884048582,359.25178485697023,pole,2,80.23491668701172
