,x,y,category,consensus,depth
0,769.0,396.0,pole,3,38.52284622192383
1,1.0,476.0,pole,3,19.225780487060547
2,1002.5,407.0,pole,1,33.37122344970703
3,940.3935185185184,382.788387345679,pole,1,50.28633499145508
