,x,y,category,consensus,depth
0,372.74144804526753,579.3734996570645,pole,3,8.60143756866455
1,926.0,497.0,pole,3,15.641335487365723
2,782.0,421.0,pole,3,30.985116958618164
3,741.5,407.0,pole,3,41.92924499511719
4,93.9962492418902,374.3699411386624,pole,2,55.44051742553711
