,x,y,category,consensus,depth
0,836.5,430.0,pole,2,27.786386489868164
1,1184.0,561.0,pole,2,11.066177368164062
2,873.5,450.0,pole,2,23.524219512939453
3,953.5,488.0,pole,2,17.527667999267578
4,853.0,438.0,pole,2,26.07337188720703
5,899.5,460.0,pole,2,22.148347854614258
6,1011.5,512.0,pole,2,14.644370079040527
7,929.5,476.0,pole,2,19.517789840698242
8,1085.0,539.0,pole,2,12.73955249786377
9,882.0408950617284,429.68750000000006,pole,1,27.64487648010254
