,x,y,category,consensus,depth
0,731.0822830932785,409.5802254801098,pole,3,34.82701873779297
1,565.0,383.0,pole,3,56.58294677734375
2,1140.0,583.0,pole,3,8.579678535461426
3,662.5,399.0,pole,2,39.392539978027344
4,1265.5,690.0,pole,2,5.861756324768066
5,641.5,399.0,pole,2,41.84102249145508
6,631.5,399.0,pole,2,42.52834701538086
7,1208.4235325217194,405.3660926068816,pole,2,16.98950958251953
8,1234.2385848908325,396.0633710324265,pole,1,16.119699478149414
