,x,y,category,consensus,depth
0,545.0,419.0,pole,3,44.74374771118164
1,577.3641117969822,405.5614497599452,pole,3,58.175559997558594
2,613.2819197959535,386.0629453398873,pole,3,71.60333251953125
3,863.2925621094347,440.94900262917247,pole,1,34.86644744873047
