,x,y,category,consensus,depth
0,315.5,529.0,pole,3,15.712349891662598
1,204.5,496.0,pole,3,19.693897247314453
2,1065.9802597736627,466.84777949245546,pole,1,19.176599502563477
3,1047.225973079561,479.2390046296297,pole,1,16.68373680114746
4,1217.5,657.0,pole,1,6.439435958862305
