,x,y,category,consensus,depth
0,311.5354938271605,456.6936728395062,pole,3,24.213268280029297
1,728.0,415.0,pole,3,37.32568359375
2,960.0,510.0,pole,2,13.095025062561035
3,958.0,494.0,pole,1,13.41014289855957
