,x,y,category,consensus,depth
0,789.4392891655659,383.41425378049377,pole,2,77.44100189208984
1,889.4711530237129,386.2219794571976,pole,1,48.097347259521484
2,674.0,371.0,pole,1,185.77789306640625
3,861.5,375.0,pole,1,56.916751861572266
