,x,y,category,consensus,depth
0,73.5,433.0,pole,3,30.604101181030273
1,954.5,604.0,pole,2,8.292936325073242
2,827.0,505.0,pole,2,14.34142780303955
3,324.0,447.0,pole,2,27.276578903198242
4,247.5,446.0,pole,2,27.196773529052734
5,847.0,519.0,pole,2,12.740869522094727
