,x,y,category,consensus,depth
0,842.4961419753087,402.6813271604939,pole,1,55.57094955444336
1,68.5,390.0,pole,1,57.20405960083008
2,841.0,385.0,pole,1,56.44799041748047
3,429.5,361.0,pole,1,28.999408721923828
