,x,y,category,consensus,depth
0,452.0,418.0,pole,3,39.441139221191406
1,881.5,415.0,pole,2,32.089500427246094
2,72.0,491.0,pole,1,17.075902938842773
