,x,y,category,consensus,depth
0,187.8777649176955,416.61308299039786,pole,3,43.173519134521484
1,433.357981824417,423.31104252400553,pole,3,27.363203048706055
2,581.2585928205548,385.51382635806175,pole,3,56.759796142578125
3,777.6493816146073,371.9473573953147,pole,1,109.11966705322266
4,788.7932668340065,374.0469299728827,pole,1,75.41728973388672
5,628.7412341901694,377.92306396223904,pole,1,71.82681274414062
