,x,y,category,consensus,depth
0,360.0,498.0,pole,2,16.669452667236328
1,223.0,478.0,pole,2,18.983154296875
2,447.0,520.0,pole,2,14.378854751586914
