,x,y,category,consensus,depth
0,128.5,486.0,pole,3,19.6572322845459
1,88.5,468.0,pole,3,23.11017417907715
2,329.5,426.0,pole,3,38.28041076660156
3,757.0,422.0,pole,3,38.933013916015625
4,951.5,512.0,pole,3,13.226868629455566
5,738.0,406.0,pole,3,49.13547134399414
6,708.0,396.0,pole,3,54.953311920166016
7,889.5,527.0,pole,2,13.433741569519043
8,225.0514403292181,440.3908393347051,pole,1,33.02512741088867
