,x,y,category,consensus,depth
0,325.5208333333333,428.75313464506166,pole,3,22.875709533691406
1,997.0,520.0,pole,3,13.974699020385742
2,347.0,636.0,pole,3,6.740920543670654
