,x,y,category,consensus,depth
0,1180.5555555555554,474.30555555555554,pole,2,19.12690544128418
1,1065.6453617969823,422.97614454732513,pole,1,29.445348739624023
2,1161.8055555555554,461.1111111111111,pole,1,20.808338165283203
