,x,y,category,consensus,depth
0,661.688373099698,372.754885309764,pole,2,76.93559265136719
1,909.2480066872428,437.37675754458166,pole,1,24.520442962646484
