,x,y,category,consensus,depth
0,305.7618527091907,414.938593106996,pole,3,30.038026809692383
1,160.416130829904,429.6741040809328,pole,3,27.16661834716797
2,107.5,436.0,pole,3,26.413227081298828
3,837.5,419.0,pole,3,31.037588119506836
4,53.5,496.0,pole,2,16.763769149780273
5,141.5,449.0,pole,2,22.957019805908203
6,273.5,437.0,pole,2,27.075647354125977
7,858.5,426.0,pole,2,27.481884002685547
8,1069.0,459.0,pole,1,6.4275288581848145
