,x,y,category,consensus,depth
0,78.0,424.0,pole,3,22.73362922668457
1,977.0,423.0,pole,3,35.85019302368164
2,682.0,395.0,pole,3,61.111942291259766
3,342.5,410.0,pole,2,32.99760055541992
4,429.5,418.0,pole,2,31.503429412841797
5,482.5,426.0,pole,2,28.493024826049805
6,1019.5,430.0,pole,1,32.807823181152344
