,x,y,category,consensus,depth
0,294.0,448.0,pole,3,15.789562225341797
1,789.5,415.0,pole,3,28.339298248291016
2,387.47695901920446,376.09042781207137,pole,1,43.70960235595703
3,371.0669581618656,380.7789994855967,pole,1,35.66482925415039
4,366.37838648834025,377.0951217421125,pole,1,19.970735549926758
5,545.8837019890261,339.5865483539095,pole,1,149.37203979492188
6,1039.0,522.0,pole,1,8.84125804901123
