,x,y,category,consensus,depth
0,385.0,428.0,pole,2,27.772563934326172
1,50.0,433.0,pole,2,33.75118637084961
2,516.5,443.0,pole,2,22.430387496948242
3,418.65976293819614,420.2369658961048,pole,2,41.8331298828125
4,474.2155349794239,425.6553283607682,pole,2,26.025617599487305
5,364.3969713952145,419.353732239676,pole,1,39.89243698120117
6,396.2284319812731,421.1131897616096,pole,1,28.16149139404297
