,x,y,category,consensus,depth
0,406.90434355858366,401.5208241289221,pole,3,48.46040725708008
1,849.5,407.0,pole,2,37.60000991821289
2,892.5,419.0,pole,2,31.664472579956055
3,823.5,426.0,pole,2,29.153106689453125
4,761.2231009945131,434.0277777777778,pole,2,28.316001892089844
5,801.5522078823044,406.67105771663154,pole,1,19.254016876220703
6,781.3954138844135,401.5208241289221,pole,1,21.42714500427246
