,x,y,category,consensus,depth
0,550.25598112902,395.3656669143424,pole,1,57.202552795410156
1,506.30062168971966,394.43539475689687,pole,1,43.18168640136719
2,484.2066579503887,392.57485044200587,pole,1,60.408172607421875
3,322.0,407.0,pole,1,36.257408142089844
