,x,y,category,consensus,depth
0,825.5,416.0,pole,3,36.53245544433594
1,406.0,381.0,pole,3,121.48023223876953
2,377.0,406.0,pole,3,42.67329025268555
3,1116.0,506.0,pole,3,15.049005508422852
4,424.31573645404666,402.2124699931413,pole,2,44.467681884765625
5,194.0,400.0,pole,1,68.010986328125
