,x,y,category,consensus,depth
0,761.0,434.0,pole,2,25.087888717651367
1,733.5,420.0,pole,2,26.7105712890625
2,588.4157450274349,346.6194058641976,pole,1,78.3084945678711
