,x,y,category,consensus,depth
0,673.5,390.0,pole,3,55.1392822265625
1,447.5,406.0,pole,3,40.29490280151367
2,463.62112205159167,377.99461308345167,pole,2,72.32925415039062
