,x,y,category,consensus,depth
0,238.11246141975312,467.1826774691359,pole,3,25.603355407714844
1,833.7725716688287,471.142067586472,pole,3,21.765838623046875
2,817.5,500.0,pole,2,18.552583694458008
3,224.5,478.0,pole,2,22.943788528442383
4,262.0,473.0,pole,2,25.99695587158203
5,848.0,522.0,pole,2,15.676512718200684
6,814.846136173925,469.880305220145,pole,1,22.85099983215332
