,x,y,category,consensus,depth
0,845.6173911179699,419.9620627572017,pole,3,35.31464385986328
1,918.5,443.0,pole,3,25.189672470092773
2,562.3624396224428,380.6686588713664,pole,2,76.66707611083984
3,689.1443221909717,379.2151086253578,pole,2,73.1268310546875
4,734.5273909830184,381.4761867858156,pole,2,69.54503631591797
5,714.3373842592594,447.0887988683128,pole,2,25.360965728759766
6,706.6347307956105,441.3955332647463,pole,1,27.858856201171875
