,x,y,category,consensus,depth
0,337.0,431.0,pole,2,32.48552703857422
1,357.5,413.0,pole,2,37.00173568725586
2,225.5,442.0,pole,2,28.227773666381836
3,89.5,466.0,pole,2,23.317611694335938
4,183.0,474.0,pole,2,20.68661880493164
5,193.5,433.0,pole,2,30.86186408996582
6,238.44735939643348,425.6553283607682,pole,2,31.941417694091797
7,831.4307407169259,417.22706261431193,pole,2,32.91868591308594
8,818.1743624733274,414.4362461419754,pole,1,33.080631256103516
