,x,y,category,consensus,depth
0,1151.5,532.0,pole,3,12.782133102416992
1,679.5992300855272,371.5189189740376,pole,1,138.44105529785156
