,x,y,category,consensus,depth
0,1122.5,611.0,pole,3,8.661277770996094
1,757.0,418.0,pole,3,41.63446044921875
2,69.5,588.0,pole,2,9.31414794921875
3,777.5,426.0,pole,2,34.54093933105469
4,689.1396604938273,407.0216049382717,pole,2,54.85115051269531
5,1278.5,629.0,pole,1,7.345359802246094
