,x,y,category,consensus,depth
0,854.0,405.0,pole,3,31.963603973388672
1,808.2561728395062,398.3410493827161,pole,1,29.509862899780273
