,x,y,category,consensus,depth
0,1256.5,621.0,pole,3,8.453683853149414
1,1074.0,546.0,pole,3,11.81801700592041
2,995.5,431.0,pole,3,24.848920822143555
3,648.0,424.0,pole,3,27.947221755981445
4,221.0,411.0,pole,3,31.347782135009766
5,246.0,388.0,pole,3,47.076446533203125
6,1277.5,593.0,pole,1,9.031355857849121
