,x,y,category,consensus,depth
0,677.1339377306015,374.791067471782,pole,1,97.41966247558594
