,x,y,category,consensus,depth
0,817.0,465.0,pole,3,24.595394134521484
1,1103.5,599.0,pole,3,10.331462860107422
2,703.0531829894453,413.5059739845299,pole,1,51.6218376159668
3,737.5,425.0,pole,1,40.337135314941406
