,x,y,category,consensus,depth
0,1190.5,394.0,pole,3,44.17609405517578
1,1219.0,395.0,pole,3,41.514686584472656
2,657.0,412.0,pole,3,43.900856018066406
3,418.5,513.0,pole,2,15.594319343566895
4,501.5,472.0,pole,2,21.531902313232422
5,364.5,506.0,pole,2,18.67489242553711
6,613.5,472.0,pole,2,20.21462631225586
7,481.0,454.0,pole,2,33.220516204833984
8,1269.5,447.0,pole,2,19.028303146362305
9,553.5,449.0,pole,2,29.540929794311523
10,1274.0,441.0,pole,1,21.872028350830078
