,x,y,category,consensus,depth
0,953.0,467.0,pole,3,19.769363403320312
1,678.1684027777779,373.0391351356501,pole,2,146.93707275390625
2,573.5,370.0,pole,1,75.74227142333984
3,558.0,371.0,pole,1,146.5692138671875
