,x,y,category,consensus,depth
0,746.0,419.0,pole,3,39.242332458496094
1,330.5,434.0,pole,3,28.552133560180664
