,x,y,category,consensus,depth
0,792.4578658298399,377.89144861481526,pole,3,69.51654052734375
1,176.0,467.0,pole,3,17.678207397460938
2,596.5,368.0,pole,3,76.4614486694336
3,478.0,385.0,pole,3,48.42462921142578
4,687.2800564477147,363.5465197949988,pole,2,96.23235321044922
5,711.3924732914675,364.4345719137308,pole,1,115.32616424560547
6,673.75,367.8,pole,1,93.96497344970703
7,757.0,357.0,pole,1,159.08311462402344
