,x,y,category,consensus,depth
0,761.5,422.0,pole,3,41.69588851928711
1,187.0,526.0,pole,2,14.42411994934082
2,1018.0,522.0,pole,2,14.27161693572998
3,937.0,516.0,pole,2,15.018526077270508
4,1123.5,526.0,pole,2,13.428016662597656
5,94.0,534.0,pole,2,13.895512580871582
6,264.0,518.0,pole,2,14.776836395263672
7,304.0,510.0,pole,2,17.52643394470215
8,775.95861196845,425.99022633744863,pole,2,41.031005859375
9,705.2951388888889,414.938593106996,pole,1,58.18206787109375
