,x,y,category,consensus,depth
0,449.0,521.0,pole,3,14.031026840209961
1,194.3289035944442,478.65805977525537,pole,1,22.37529945373535
2,162.98553204695318,476.8670099725416,pole,1,22.468345642089844
3,77.02653463648835,481.5832904663924,pole,1,21.873552322387695
4,29.805919924554185,476.22492283950623,pole,1,25.50554847717285
5,145.0,482.0,pole,1,22.20375633239746
