,x,y,category,consensus,depth
0,1117.5,476.0,pole,3,13.840086936950684
1,592.76941872428,343.27042609739374,pole,1,32.55287551879883
