,x,y,category,consensus,depth
0,762.5626929012346,398.1936942729767,pole,3,41.052146911621094
1,462.5778302897806,411.4128616302775,pole,1,34.15313720703125
