,x,y,category,consensus,depth
0,389.5,437.0,pole,3,30.217041015625
1,893.5,422.0,pole,3,28.042085647583008
2,1185.5,493.0,pole,3,13.1882963180542
