,x,y,category,consensus,depth
0,548.6913845791092,386.5899694607202,pole,1,57.286293029785156
