,x,y,category,consensus,depth
0,189.0,377.0,pole,3,48.628570556640625
1,32.5,399.0,pole,3,39.232051849365234
2,1010.0,533.0,pole,3,11.42889404296875
3,1139.0,545.0,pole,3,11.224811553955078
4,48.3741521871666,385.8303773005259,pole,2,43.56511688232422
