,x,y,category,consensus,depth
0,333.5,472.0,pole,3,22.2947998046875
1,850.0,461.0,pole,3,29.582500457763672
2,793.0,456.0,pole,3,30.650352478027344
3,269.5,587.0,pole,2,9.725497245788574
4,128.5,516.0,pole,2,11.895851135253906
5,365.5,480.0,pole,2,17.3927001953125
6,189.5,644.0,pole,2,7.917843341827393
7,519.4267618312758,467.85247342249664,pole,2,27.446949005126953
8,559.6145190329219,463.1639017489712,pole,1,34.36518478393555
9,259.4521604938272,479.84182098765433,pole,1,16.75813865661621
