,x,y,category,consensus,depth
0,654.0,366.0,pole,3,166.2206268310547
1,1090.0,454.0,pole,3,21.678726196289062
