,x,y,category,consensus,depth
0,530.0,432.0,pole,3,27.027664184570312
1,324.0,436.0,pole,2,26.854568481445312
2,402.0,437.0,pole,2,26.844717025756836
3,220.5,634.0,pole,2,7.613023281097412
4,114.0,704.0,pole,2,5.926652908325195
5,206.25,556.9444444444445,pole,2,9.818115234375
6,567.4045774997227,400.0847049302022,pole,2,31.592525482177734
7,301.1756109729844,457.4613334238303,pole,1,18.1994686126709
