,x,y,category,consensus,depth
0,853.0,460.0,pole,3,19.735084533691406
1,363.0,464.0,pole,3,20.23779296875
2,497.5,392.0,pole,3,47.55025863647461
3,513.5,388.0,pole,2,50.52345657348633
4,522.1879258785938,387.37114056129496,pole,2,51.14968490600586
