,x,y,category,consensus,depth
0,711.1090814639907,370.1707959835264,pole,3,66.35455322265625
1,744.7022427050787,376.6310192991202,pole,3,64.24259948730469
2,801.7457561728396,398.8634902263375,pole,3,37.57883834838867
3,399.5,435.0,pole,3,28.125062942504883
4,655.1070205969369,375.5004802188914,pole,1,74.68545532226562
5,502.7982833994296,395.4643647705529,pole,1,54.12733459472656
6,496.6296673862757,396.8102446279683,pole,1,54.12733459472656
