,x,y,category,consensus,depth
0,1058.0,511.0,pole,3,12.368124961853027
1,430.0,407.0,pole,2,41.91079330444336
2,875.8447760116334,424.5981774174044,pole,1,18.480281829833984
3,868.4155191987005,404.086968390394,pole,1,19.101545333862305
