,x,y,category,consensus,depth
0,740.5,364.0,pole,3,94.72380828857422
1,777.0,388.0,pole,3,54.334232330322266
2,842.0,415.0,pole,3,33.06291961669922
3,913.0,413.0,pole,3,35.41484832763672
4,518.528124302433,362.926464328377,pole,3,96.03533172607422
5,503.40018513828863,370.70654732707976,pole,3,92.41692352294922
6,266.2138480266336,364.9031245450784,pole,2,92.52175903320312
7,546.046566020067,359.0364228290256,pole,2,164.4773712158203
8,371.0,360.0,pole,1,176.3338165283203
