,x,y,category,consensus,depth
0,1264.9498456790125,505.883487654321,pole,3,13.265168190002441
1,181.0,481.0,pole,2,19.976707458496094
2,347.0,499.0,pole,2,17.18085289001465
3,225.5,492.0,pole,2,18.058700561523438
