,x,y,category,consensus,depth
0,358.5,467.0,pole,3,22.355459213256836
1,866.0,456.0,pole,3,23.925487518310547
2,810.0,453.0,pole,3,31.6514892578125
3,285.0,476.0,pole,2,20.447689056396484
4,163.5,511.0,pole,2,14.26768970489502
5,227.0,626.0,pole,2,8.547003746032715
6,304.0,575.0,pole,2,10.581541061401367
7,540.5,462.0,pole,2,33.52830123901367
8,580.7223942853606,459.08930969936,pole,2,27.335689544677734
9,392.0717592592593,476.4660493827161,pole,2,18.217830657958984
