,x,y,category,consensus,depth
0,480.0,492.0,pole,3,14.514225959777832
1,534.497170781893,342.93552812071334,pole,1,32.82939910888672
2,1115.861452855891,378.3882000409618,pole,1,39.5020637512207
