,x,y,category,consensus,depth
0,554.9259473593964,400.5379801097394,pole,3,35.43817901611328
1,535.2698780926712,396.81921716035095,pole,2,35.623619079589844
2,318.7692901234568,421.971450617284,pole,2,28.63800811767578
3,628.5,364.0,pole,2,103.52027893066406
4,655.8418709990856,362.5735733643881,pole,1,105.84251403808594
5,642.3529247161257,364.4341176792792,pole,1,96.8386459350586
6,618.6309847012651,364.20154963991774,pole,1,103.10638427734375
7,600.9558137098004,364.4341176792792,pole,1,99.8104019165039
8,535.0,376.0,pole,1,58.946014404296875
