,x,y,category,consensus,depth
0,861.0,453.0,pole,3,21.649837493896484
1,266.5787894375858,477.89941272290815,pole,1,15.841724395751953
2,220.5,488.0,pole,1,14.232199668884277
