,x,y,category,consensus,depth
0,965.5,595.0,pole,3,9.07541561126709
1,757.5,391.0,pole,3,43.176856994628906
2,822.0,478.0,pole,2,16.647397994995117
