,x,y,category,consensus,depth
0,748.8318758573389,408.5755315500686,pole,3,42.05885696411133
1,46.5,443.0,pole,2,23.249727249145508
2,371.38208785520027,423.3465091500081,pole,2,24.63735580444336
