,x,y,category,consensus,depth
0,1030.7415504496269,492.34653932803695,pole,2,25.227048873901367
1,1135.0,580.0,pole,2,12.911870956420898
2,1083.0,537.0,pole,2,15.100678443908691
