,x,y,category,consensus,depth
0,825.5,392.0,pole,3,41.398536682128906
1,699.5,380.0,pole,3,58.48123550415039
2,937.0,417.0,pole,3,26.85733985900879
3,510.6730749987642,383.9563014567648,pole,1,65.82135772705078
4,5.5,485.0,pole,1,14.140350341796875
