,x,y,category,consensus,depth
0,1245.1506772976682,468.187371399177,pole,3,21.236572265625
1,978.0,448.0,pole,3,25.31298828125
2,757.0,406.0,pole,3,46.380401611328125
3,1194.236882120675,462.3452622504192,pole,1,21.898971557617188
