,x,y,category,consensus,depth
0,1189.0,631.0,pole,3,7.867782115936279
1,785.5,418.0,pole,3,37.07859420776367
2,886.0,467.0,pole,2,21.13506317138672
3,903.0,476.0,pole,2,18.67629623413086
4,925.0,486.0,pole,2,17.621612548828125
5,949.0,500.0,pole,2,16.550851821899414
6,1077.0,503.0,pole,2,15.786836624145508
7,708.3092206790125,392.83532664609055,pole,2,70.01007080078125
8,737.3423828222935,397.0608446535024,pole,1,50.2884407043457
