,x,y,category,consensus,depth
0,848.8953869943257,428.451917020721,pole,2,31.256505966186523
1,867.2004088163058,395.5600809343506,pole,1,50.726165771484375
2,866.3423609184005,400.4223523558141,pole,1,42.92323303222656
3,862.9101693267793,403.5685279814669,pole,1,39.66667556762695
4,860.9080575650001,409.5748632668041,pole,1,38.65740966796875
5,859.1919617691896,415.2951825861728,pole,1,34.567283630371094
6,855.7597701775683,418.1553422458573,pole,1,31.96945571899414
7,855.1877382456314,421.8735498034469,pole,1,31.256505966186523
8,853.7576584157891,426.7358212249104,pole,1,31.179065704345703
