,x,y,category,consensus,depth
0,719.1003777053804,379.0859041590459,pole,3,75.96829986572266
1,127.5,528.0,pole,3,13.007147789001465
2,893.0,436.0,pole,3,26.691024780273438
3,773.0,385.0,pole,3,57.743289947509766
4,445.6474579957441,412.52619587966245,pole,2,40.701019287109375
5,434.25654774418166,413.92815406447016,pole,2,36.01911163330078
6,414.804377929975,399.3828378970904,pole,2,37.59889602661133
7,651.4058509890446,384.4730126016606,pole,1,69.71785736083984
