,x,y,category,consensus,depth
0,1265.0,457.0,pole,2,17.42704963684082
1,391.495734739369,429.6741040809328,pole,2,32.296268463134766
2,234.5,438.0,pole,2,31.586437225341797
3,352.0,426.0,pole,1,33.14973831176758
