,x,y,category,consensus,depth
0,158.5,502.0,pole,3,16.418670654296875
1,353.5,433.0,pole,3,29.30069351196289
2,478.0,382.0,pole,3,54.974365234375
3,1230.5,642.0,pole,2,8.302238464355469
4,403.0,410.0,pole,1,38.45478057861328
5,585.5,371.0,pole,1,69.58251190185547
