,x,y,category,consensus,depth
0,753.0,434.0,pole,3,27.779237747192383
1,17.5,667.0,pole,2,6.225351333618164
2,737.111480309256,411.6777307862168,pole,2,43.35658264160156
3,605.4516335327951,399.0566710002414,pole,1,60.407657623291016
4,602.0183200165786,401.8297319171855,pole,1,60.407657623291016
5,596.0760466231269,403.6784391951482,pole,1,55.506595611572266
6,748.9013878602146,414.9078424440137,pole,1,37.33100891113281
