,x,y,category,consensus,depth
0,812.7973894032923,408.24063357338827,pole,3,48.133670806884766
1,1002.0,482.0,pole,3,21.07436752319336
2,917.5,447.0,pole,2,29.02164077758789
3,885.0,435.0,pole,2,33.76898193359375
4,986.0,450.0,pole,2,28.2886962890625
5,893.5,438.0,pole,2,31.332637786865234
6,1077.5,470.0,pole,2,22.080421447753906
7,905.2292309670784,444.0747170781893,pole,2,31.12131690979004
