,x,y,category,consensus,depth
0,472.5,508.0,pole,2,16.61878776550293
1,537.5,454.0,pole,2,25.844478607177734
2,561.5,431.0,pole,2,32.46540451049805
