,x,y,category,consensus,depth
0,591.7647247942388,375.755529835391,pole,1,71.90176391601562
1,6.0,704.0,pole,1,5.242210865020752
