,x,y,category,consensus,depth
0,439.5,461.0,pole,3,23.52483558654785
1,826.5,427.0,pole,3,28.834924697875977
2,553.0,407.0,pole,3,32.34202194213867
3,532.5,463.0,pole,3,22.02814292907715
4,706.5,441.0,pole,3,25.7554988861084
5,1139.564043209877,463.44521604938274,pole,1,19.71098518371582
