,x,y,category,consensus,depth
0,821.0,389.0,pole,2,107.6964340209961
1,1147.7623456790125,512.6350308641976,pole,1,8.209872245788574
2,1068.672839506173,478.3950617283951,pole,1,10.126750946044922
3,388.8537618122238,356.7593723803537,pole,1,117.28781127929688
4,556.5770951242546,359.5788475845457,pole,1,170.06321716308594
5,505.0,346.0,pole,1,176.88186645507812
6,666.5,399.0,pole,1,38.9183464050293
