,x,y,category,consensus,depth
0,841.5,408.0,pole,2,34.309383392333984
1,737.8786318279829,379.0334148446068,pole,2,65.63969421386719
2,819.6408331659673,389.12751377522216,pole,1,51.056819915771484
3,709.5,374.0,pole,1,65.58590698242188
4,538.0,370.0,pole,1,50.29227066040039
