,x,y,category,consensus,depth
0,329.5,562.0,pole,3,10.6937837600708
1,189.5,458.0,pole,3,19.87349510192871
2,343.84645061728395,532.4074074074074,pole,2,13.648879051208496
3,354.45601851851853,507.81250000000006,pole,2,15.207807540893555
4,82.54028813055268,362.2309459996866,pole,1,34.68584060668945
5,92.8797297435094,363.8081489575953,pole,1,67.05799102783203
6,202.0,377.0,pole,1,53.063106536865234
7,229.5,379.0,pole,1,53.35798645019531
