,x,y,category,consensus,depth
0,569.8118846332371,402.5021948582875,pole,1,52.526824951171875
1,550.6330966650679,404.2686621711452,pole,1,46.004913330078125
2,602.8858306605814,385.62612320866486,pole,1,29.68829345703125
