,x,y,category,consensus,depth
0,322.68815461391176,413.53504498945,pole,2,48.33255386352539
1,209.64613340192045,415.6083890603567,pole,1,43.113162994384766
