,x,y,category,consensus,depth
0,405.5,398.0,pole,2,40.999446868896484
1,421.5,391.0,pole,2,56.472694396972656
2,372.4722505397068,409.5377818129263,pole,2,37.55851364135742
3,193.5,440.0,pole,2,25.173362731933594
4,214.3986612862702,435.3382986795792,pole,1,26.952619552612305
