,x,y,category,consensus,depth
0,156.0,439.0,pole,3,33.42166519165039
1,242.0,467.0,pole,2,21.66172218322754
2,283.5,474.0,pole,2,19.930891036987305
3,397.5,478.0,pole,2,20.0546875
4,933.3606610082304,426.66002229080937,pole,1,30.601028442382812
5,18.838011188271608,439.7861624323656,pole,1,33.290584564208984
