,x,y,category,consensus,depth
0,1158.0,409.0,pole,3,26.103120803833008
1,325.5,450.0,pole,3,25.85942268371582
2,153.0,548.0,pole,2,13.214163780212402
3,1194.0,676.0,pole,2,6.5684075355529785
4,83.5,574.0,pole,2,11.404451370239258
5,7.0,606.0,pole,2,10.013882637023926
6,1259.5,719.0,pole,1,5.546871185302734
