,x,y,category,consensus,depth
0,552.9165594993142,388.816550925926,pole,1,103.56938934326172
