,x,y,category,consensus,depth
0,1094.111689814815,568.9916623799726,pole,3,10.36259651184082
1,347.0,459.0,pole,3,26.285480499267578
2,765.0,426.0,pole,3,38.261756896972656
3,747.1876341751059,424.96156497890667,pole,2,39.5361328125
4,737.5,416.0,pole,2,47.105587005615234
5,753.580563497829,425.4101915980451,pole,1,38.579463958740234
