,x,y,category,consensus,depth
0,283.0,420.0,pole,3,28.68877410888672
1,451.0,382.0,pole,3,44.71048355102539
2,613.2788192875414,363.1850564310141,pole,2,47.48141098022461
3,575.6058974194102,363.3875615021529,pole,1,80.62511444091797
4,655.5,364.0,pole,1,47.46340560913086
