,x,y,category,consensus,depth
0,620.2310528120714,370.0622642318244,pole,1,62.77595520019531
