,x,y,category,consensus,depth
0,73.30246913580247,422.45370370370375,pole,3,43.70420455932617
1,794.5,422.0,pole,3,32.034645080566406
2,845.5,504.0,pole,3,16.12023162841797
3,45.5,424.0,pole,2,43.62089538574219
4,28.5,427.0,pole,2,37.797672271728516
5,788.3498371056243,413.264103223594,pole,1,34.67848587036133
