,x,y,category,consensus,depth
0,393.4275999196642,416.8459094386918,pole,3,58.68133544921875
1,1101.4660493827162,546.875,pole,3,11.805785179138184
2,613.0,450.0,pole,3,29.66324806213379
3,1162.5,491.0,pole,2,17.29546356201172
4,591.7647247942388,447.7585948216736,pole,1,29.933313369750977
