,x,y,category,consensus,depth
0,744.2177259564093,414.9013822206981,pole,3,47.25968933105469
1,1276.0,687.0,pole,1,4.835907459259033
