,x,y,category,consensus,depth
0,709.5,383.0,pole,3,59.82956314086914
1,857.5,438.0,pole,3,23.464311599731445
2,1108.0,574.0,pole,3,9.597723007202148
3,669.5,352.0,pole,2,120.0427474975586
4,760.7300567510671,432.8091212515242,pole,2,26.57311248779297
5,752.5901753734188,428.6228965430194,pole,1,26.80221939086914
