,x,y,category,consensus,depth
0,830.7330365988417,404.4358204494361,pole,3,40.186065673828125
1,819.5,399.0,pole,2,44.85483932495117
2,790.0,401.0,pole,2,45.48918151855469
3,767.2419618531856,397.4587792685948,pole,2,46.703857421875
