,x,y,category,consensus,depth
0,673.5,513.0,pole,3,13.305214881896973
1,173.0,407.0,pole,3,44.462284088134766
2,45.0,389.0,pole,3,71.40775299072266
