,x,y,category,consensus,depth
0,936.5354938271604,427.758487654321,pole,3,22.310218811035156
1,1091.5,582.0,pole,3,9.01552677154541
2,544.5,425.0,pole,3,26.18568992614746
3,85.0,416.0,pole,3,27.75406837463379
4,124.5,391.0,pole,3,40.578155517578125
5,931.2307098765432,421.4891975308642,pole,1,23.17890167236328
