,x,y,category,consensus,depth
0,18.0,508.0,pole,2,17.083940505981445
1,119.5,504.0,pole,2,17.304323196411133
2,655.0666442012143,351.27464278541447,pole,1,152.84158325195312
3,666.856551752173,359.0269107641271,pole,1,128.94277954101562
4,700.7727241590406,373.0778964755437,pole,1,73.79741668701172
5,689.3058277738616,379.3766142082477,pole,1,77.13944244384766
6,708.0404753890837,379.8611309569172,pole,1,72.78770446777344
7,797.6760738929481,414.9078424440137,pole,1,35.031925201416016
