,x,y,category,consensus,depth
0,803.2052100460714,371.3683179971538,pole,3,82.43914794921875
