,x,y,category,consensus,depth
0,692.5690157750344,393.17022462277095,pole,3,44.337467193603516
1,840.5,457.0,pole,3,20.809707641601562
2,794.0,463.0,pole,3,20.178577423095703
3,443.77425904376304,400.7574816959673,pole,1,43.6149787902832
4,438.9570560794716,403.2928516771733,pole,1,43.50865173339844
5,416.8148249102722,400.5884570305536,pole,1,43.238338470458984
