,x,y,category,consensus,depth
0,806.0,431.0,pole,3,28.992534637451172
1,781.0,422.0,pole,3,32.39333724975586
2,693.2388117283951,403.8869598765432,pole,2,51.881404876708984
3,694.913301611797,404.2218578532237,pole,1,51.881404876708984
