,x,y,category,consensus,depth
0,737.5,415.0,pole,3,43.73442077636719
1,312.5,439.0,pole,3,29.32569694519043
2,398.4342729892495,394.0736222512236,pole,1,25.728050231933594
