,x,y,category,consensus,depth
0,627.5988082990399,399.1983882030179,pole,3,43.796966552734375
1,250.8114753908069,414.72314467577695,pole,2,37.7531852722168
2,133.95919067215365,397.4587792685948,pole,2,74.96417236328125
