,x,y,category,consensus,depth
0,390.0,526.0,pole,3,13.822009086608887
1,1163.888888888889,440.97222222222223,pole,1,28.987567901611328
2,1070.138888888889,447.9166666666666,pole,1,26.25790786743164
3,970.8333333333331,452.77777777777777,pole,1,27.224285125732422
4,847.6267789780522,459.14512602880666,pole,1,26.096416473388672
5,716.0118741426612,460.8196159122086,pole,1,25.9620304107666
6,26.0,485.0,pole,1,19.83005142211914
7,148.61097715192045,479.3227291237998,pole,1,21.966297149658203
8,269.0812215411142,474.9039363759336,pole,1,22.713619232177734
