,x,y,category,consensus,depth
0,578.0,392.0,pole,3,49.51822280883789
1,585.9624429222217,390.1369236682837,pole,2,50.1942253112793
2,591.7665498073255,389.6322187217529,pole,2,50.1942253112793
3,734.3456972022675,395.6886780801221,pole,2,47.34526824951172
4,693.9693014798061,391.3986860346106,pole,2,48.60356903076172
5,705.6736222692261,357.53831686673675,pole,1,152.6124267578125
6,695.6421385934059,360.4685746427655,pole,1,54.474517822265625
7,698.0069410520522,389.12751377522216,pole,1,48.40149688720703
8,729.2986477369598,381.05223463072986,pole,1,55.0041618347168
