,x,y,category,consensus,depth
0,1019.5,411.0,pole,3,33.55351638793945
1,797.0,402.0,pole,3,44.20145797729492
2,771.0,433.0,pole,3,26.435211181640625
3,862.0,437.0,pole,3,24.515810012817383
4,825.5,403.0,pole,2,44.127906799316406
5,885.5,402.0,pole,2,39.95502853393555
6,853.5,395.0,pole,2,47.04638671875
7,521.0,392.0,pole,2,53.966148376464844
8,1256.0,402.0,pole,1,31.274404525756836
9,715.0,389.0,pole,1,49.980506896972656
