,x,y,category,consensus,depth
0,662.0113842654777,366.2946619941701,pole,3,94.69182586669922
1,851.5,420.0,pole,3,27.06207275390625
2,733.0,372.0,pole,3,60.1299934387207
3,306.5,463.0,pole,2,19.780502319335938
4,869.0,463.0,pole,2,19.88544273376465
5,886.5,470.0,pole,2,18.158695220947266
6,286.0,472.0,pole,2,19.2359561920166
7,769.5,381.0,pole,2,49.55649948120117
