,x,y,category,consensus,depth
0,747.8271819272977,428.6694101508917,pole,3,35.55295181274414
1,619.3739103825584,408.7706302941996,pole,1,56.84796905517578
2,753.1855495541839,416.2781850137175,pole,1,43.3129768371582
