,x,y,category,consensus,depth
0,673.5,438.0,pole,3,25.150257110595703
1,994.0,479.0,pole,3,21.24380111694336
2,615.0,429.0,pole,3,26.396686553955078
3,1112.0,467.0,pole,3,22.833158493041992
4,1105.0,477.0,pole,2,19.963077545166016
5,1234.0,504.0,pole,2,14.00706958770752
6,1177.0,468.0,pole,2,22.322294235229492
