,x,y,category,consensus,depth
0,451.0,487.0,pole,3,19.635927200317383
1,537.5,479.0,pole,3,19.24489402770996
2,695.0,463.0,pole,3,20.335023880004883
3,1110.0,545.0,pole,2,10.647093772888184
4,1163.5,503.0,pole,2,12.90936279296875
5,1261.5,466.0,pole,2,14.954423904418945
6,1221.5,479.0,pole,2,13.813194274902344
