,x,y,category,consensus,depth
0,1058.0,454.0,pole,2,14.768346786499023
1,1236.0,445.0,pole,2,13.791558265686035
