,x,y,category,consensus,depth
0,527.0,430.0,pole,3,25.900592803955078
1,1231.5,467.0,pole,3,13.914295196533203
2,980.015876975584,383.41425378049377,pole,1,39.184993743896484
