,x,y,category,consensus,depth
0,666.540000809709,384.667537103719,pole,3,46.25838851928711
1,27.5,719.0,pole,3,5.896969318389893
