,x,y,category,consensus,depth
0,734.5,411.0,pole,3,31.613615036010742
1,581.6138736886645,350.97971773162215,pole,1,109.96937561035156
