,x,y,category,consensus,depth
0,737.4453446502058,388.816550925926,pole,3,54.176856994628906
1,775.95861196845,388.4816529492456,pole,3,66.81981658935547
2,703.9834551468908,368.38777434842257,pole,2,12.291778564453125
3,719.0,374.0,pole,1,12.194450378417969
