,x,y,category,consensus,depth
0,306.0,404.0,pole,3,49.07072830200195
1,845.5,392.0,pole,3,49.19820785522461
2,323.5,409.0,pole,2,44.61555862426758
3,89.0,432.0,pole,2,34.94061279296875
4,678.4009708171393,360.9455970888585,pole,2,192.4154815673828
5,490.7185630525073,361.875869246304,pole,1,122.95694732666016
6,524.2083607205458,364.20154963991774,pole,1,165.53982543945312
