,x,y,category,consensus,depth
0,819.1604509602196,408.910429526749,pole,3,43.52834701538086
1,794.0431027091907,395.8494084362141,pole,2,74.71634674072266
2,858.0086162551441,408.5755315500686,pole,2,45.919029235839844
3,744.4782021604939,382.78838734567904,pole,2,91.7768325805664
4,850.9757587448561,386.4722650891633,pole,1,51.17557907104492
