,x,y,category,consensus,depth
0,911.0,619.0,pole,2,8.518046379089355
1,1034.0,716.0,pole,1,6.056647777557373
2,674.0,407.0,pole,1,7.069849014282227
