,x,y,category,consensus,depth
0,758.1072060849359,402.79492372727526,pole,3,42.01750564575195
1,722.41447226628,402.4719125614956,pole,2,45.35957336425781
2,667.7807225875985,365.2942246334914,pole,1,146.86361694335938
3,671.2575788859215,367.2008877648299,pole,1,99.12774658203125
4,732.9123351541199,390.6820050105368,pole,1,50.99889373779297
5,727.4211453358652,404.086968390394,pole,1,43.3325309753418
