,x,y,category,consensus,depth
0,202.0,487.0,pole,3,16.72134780883789
1,680.2615151320302,406.5289328036885,pole,2,43.589969635009766
