,x,y,category,consensus,depth
0,601.0,466.0,pole,3,28.278024673461914
1,871.0,476.0,pole,2,22.64620590209961
2,977.0,495.0,pole,2,18.565813064575195
3,785.5,450.0,pole,2,30.58277702331543
4,172.81097369213492,420.5605378451583,pole,2,46.008609771728516
5,144.34102794924556,466.84777949245546,pole,1,25.24032974243164
6,982.8317901234568,489.9691358024692,pole,1,19.78034210205078
7,910.0,484.0,pole,1,20.674482345581055
8,162.0,445.0,pole,1,20.62725067138672
