,x,y,category,consensus,depth
0,798.0,398.0,pole,3,32.2577018737793
1,8.0,648.0,pole,3,7.577106952667236
