,x,y,category,consensus,depth
0,794.0431027091907,409.2453275034294,pole,3,32.5816535949707
