,x,y,category,consensus,depth
0,1182.0,405.0,pole,3,27.486541748046875
1,857.5,393.0,pole,3,46.02082824707031
2,825.0,408.0,pole,3,37.7420539855957
3,810.0,404.0,pole,3,38.58955383300781
4,804.853005094501,382.38913287939016,pole,1,49.63875961303711
5,1224.414200283643,401.9974899117567,pole,1,26.81367301940918
6,1209.27305188772,401.74513743849127,pole,1,26.98474884033203
7,1201.7024776897583,401.74513743849127,pole,1,28.38099479675293
8,1158.8025572346432,400.9880800186951,pole,1,28.92317771911621
