,x,y,category,consensus,depth
0,756.0,395.0,pole,3,47.33517837524414
1,92.5,462.0,pole,2,20.646909713745117
2,174.0,447.0,pole,2,24.03401756286621
3,209.5,442.0,pole,2,24.479928970336914
4,135.0,455.0,pole,2,21.9924373626709
5,241.40562485711024,434.20452948769247,pole,2,26.20262336730957
6,1228.0,482.0,pole,2,15.446722030639648
