,x,y,category,consensus,depth
0,1044.463064771948,410.0174533941092,pole,3,49.538360595703125
1,946.0867841220852,405.598660646243,pole,3,58.755374908447266
2,1116.0,480.0,pole,2,10.30587100982666
