,x,y,category,consensus,depth
0,587.6987616435589,353.00801371658696,pole,1,86.13237762451172
