,x,y,category,consensus,depth
0,959.14780521262,418.2875728737998,pole,3,31.88477325439453
1,286.3377700617284,431.3485939643347,pole,2,29.07269287109375
2,268.5661196726848,431.5227292838065,pole,1,16.377365112304688
