,x,y,category,consensus,depth
0,402.5752761345451,376.9927918047935,pole,2,24.156034469604492
