,x,y,category,consensus,depth
0,358.0,366.0,pole,2,66.95408630371094
1,390.7537852695991,374.9396969449683,pole,1,54.86433792114258
2,425.2980349432605,361.48089837081454,pole,1,72.94578552246094
3,343.6838803895917,375.0159634702218,pole,1,53.78721237182617
4,377.5,369.0,pole,1,66.06723022460938
