,x,y,category,consensus,depth
0,813.5,391.0,pole,3,57.54799270629883
1,1001.5,394.0,pole,3,41.61394500732422
