,x,y,category,consensus,depth
0,1065.0,450.0,pole,3,17.35639762878418
1,384.2024010249963,391.1794422058376,pole,1,34.54747009277344
2,514.0,370.0,pole,1,28.90947151184082
