,x,y,category,consensus,depth
0,101.5,524.0,pole,3,13.86832046508789
1,497.5,414.0,pole,2,47.97672653198242
2,51.0,563.0,pole,2,11.714437484741211
3,514.2382621874604,416.6619725248452,pole,2,43.78755187988281
4,509.7519959960757,410.9419831308298,pole,1,50.8175048828125
5,504.81710318555264,416.6619725248452,pole,1,43.02061080932617
