,x,y,category,consensus,depth
0,723.2220001807292,367.5867066572889,pole,3,83.4898452758789
1,544.2738143387801,389.2284547645282,pole,3,50.91217803955078
2,910.5,414.0,pole,3,28.480968475341797
3,825.5,390.0,pole,3,43.01329803466797
4,753.5,383.0,pole,3,55.99333190917969
5,685.5,360.0,pole,1,107.50250244140625
6,735.011907731688,370.0092904006366,pole,1,82.48188018798828
