,x,y,category,consensus,depth
0,1245.0,516.0,pole,3,13.309652328491211
1,865.0,395.0,pole,3,56.313018798828125
2,1078.317901234568,384.837962962963,pole,2,92.59648132324219
3,907.711846335586,370.9581357001144,pole,2,76.15401458740234
