,x,y,category,consensus,depth
0,654.20976735866,378.7530232076453,pole,3,65.27698516845703
1,44.20653292181071,524.1153335048011,pole,1,14.370122909545898
