,x,y,category,consensus,depth
0,700.0,389.0,pole,3,45.962127685546875
1,1123.0,469.0,pole,2,14.914310455322266
2,625.5894204389575,375.755529835391,pole,2,54.66048049926758
3,467.5,366.0,pole,1,59.175811767578125
