,x,y,category,consensus,depth
0,1166.5,639.0,pole,3,7.7851881980896
1,732.356755948979,432.3439851728015,pole,1,20.40912628173828
