,x,y,category,consensus,depth
0,218.0,422.0,pole,3,33.569854736328125
1,1065.5,411.0,pole,3,55.589256286621094
2,1239.5,412.0,pole,3,43.23068618774414
