,x,y,category,consensus,depth
0,354.0,404.0,pole,3,47.22587966918945
1,386.4722650891633,421.3016546639232,pole,2,40.26158905029297
2,383.7930812757202,409.5802254801098,pole,1,42.572635650634766
