,x,y,category,consensus,depth
0,811.5,649.0,pole,2,7.736642360687256
1,488.0,635.0,pole,2,8.118144035339355
