,x,y,category,consensus,depth
0,234.5,434.0,pole,3,19.502399444580078
1,805.7645318930042,354.6569573045268,pole,1,54.088253021240234
2,772.6096322016461,355.99654921124835,pole,1,53.28675842285156
3,739.1198345336078,358.0059370713306,pole,1,52.68843460083008
4,594.7788065843622,364.36899862825794,pole,1,49.173057556152344
5,39.0,351.0,pole,1,30.643259048461914
