,x,y,category,consensus,depth
0,564.5124826946641,356.826397197253,pole,2,109.1725082397461
1,580.9355816547751,354.1817432774317,pole,2,156.69163513183594
2,783.521724608482,431.8788490940787,pole,1,28.08725929260254
