,x,y,category,consensus,depth
0,324.0,527.0,pole,3,14.230237007141113
1,641.0,439.0,pole,3,32.695064544677734
2,1135.5,588.0,pole,2,9.926161766052246
3,311.0,557.0,pole,2,13.143689155578613
4,208.0,574.0,pole,2,11.519331932067871
5,1163.5,624.0,pole,2,8.877328872680664
6,943.0727023319616,392.1655306927298,pole,2,107.16617584228516
7,1007.3731138545954,397.8587962962964,pole,2,74.72967529296875
