,x,y,category,consensus,depth
0,724.3441358024692,431.61651234567904,pole,3,22.05634880065918
1,1021.5,421.0,pole,3,27.186450958251953
2,710.0,481.0,pole,2,18.607343673706055
3,778.0,475.0,pole,2,19.64984703063965
