,x,y,category,consensus,depth
0,493.5,400.0,pole,3,51.98057174682617
1,603.2986111111112,397.37654320987656,pole,2,67.62928771972656
2,334.5630787037037,435.03247170781896,pole,2,29.51318359375
3,238.5,433.0,pole,2,28.352664947509766
4,327.5302211934157,437.04185956790127,pole,2,29.461002349853516
5,342.2657321673525,433.357981824417,pole,1,29.575780868530273
