,x,y,category,consensus,depth
0,562.7893518518518,384.3557098765432,pole,1,59.281551361083984
