,x,y,category,consensus,depth
0,262.33674839963425,413.27340594516846,pole,3,33.2091178894043
