,x,y,category,consensus,depth
0,941.5,434.0,pole,3,27.090978622436523
1,229.0,484.0,pole,2,19.450014114379883
2,1093.0,626.0,pole,2,8.927705764770508
3,1143.0,654.0,pole,2,7.560012340545654
4,272.95524691358025,469.2322530864198,pole,2,22.447574615478516
5,539.5578513183967,372.1088629782046,pole,2,122.96603393554688
6,516.5336154216203,375.8299516079866,pole,2,83.04618835449219
