,x,y,category,consensus,depth
0,898.0,452.0,pole,2,24.091482162475586
1,1009.5,504.0,pole,2,15.922819137573242
2,978.0,457.0,pole,2,22.63212013244629
3,675.9335985051243,377.0372468145067,pole,1,84.5877456665039
4,692.4115701633532,384.2144292031295,pole,1,65.32036590576172
5,1075.022505144033,506.3657407407408,pole,1,15.383438110351562
