,x,y,category,consensus,depth
0,698.1800439445931,374.7074002624023,pole,3,92.16342163085938
1,763.5,400.0,pole,3,42.3647575378418
2,724.4667599097372,377.7498442398496,pole,1,71.66390991210938
