,x,y,category,consensus,depth
0,1127.2846499564992,680.2917800607047,pole,3,6.011341571807861
1,157.5,384.0,pole,3,28.133859634399414
