,x,y,category,consensus,depth
0,607.389764345308,402.314561934581,pole,3,55.74507522583008
1,79.53826946159123,411.8779977090002,pole,3,36.00479507446289
2,266.8718251671811,451.0657123413924,pole,2,20.215681076049805
3,611.8673888520924,400.9712745825457,pole,1,55.74507522583008
4,123.0284928221689,409.7848853547478,pole,1,33.24823760986328
5,250.0,472.0,pole,1,16.506370544433594
