,x,y,category,consensus,depth
0,1002.0,613.0,pole,2,8.22255802154541
1,953.0,574.0,pole,2,9.958512306213379
