,x,y,category,consensus,depth
0,742.0,445.0,pole,3,23.430286407470703
1,66.0,528.0,pole,3,12.225558280944824
2,1206.0,669.0,pole,2,7.1487226486206055
3,1007.0,573.0,pole,2,10.731402397155762
4,1094.0,614.0,pole,2,8.73891544342041
5,946.0,541.0,pole,2,12.09412670135498
6,603.746630182137,380.7138804345756,pole,1,61.33899688720703
7,624.4451856852996,388.388625733501,pole,1,50.914886474609375
8,661.6560719831201,407.22663692177264,pole,1,37.36506652832031
