,x,y,category,consensus,depth
0,249.5,539.0,pole,3,11.174816131591797
1,154.0,598.0,pole,2,8.789995193481445
