,x,y,category,consensus,depth
0,513.0,390.0,pole,3,46.11484146118164
1,944.0,416.0,pole,3,31.03385353088379
2,414.9885952354586,429.1607101340426,pole,3,27.01285743713379
