,x,y,category,consensus,depth
0,940.3935185185186,494.7916666666667,pole,3,14.376553535461426
1,446.83211266190665,353.40561922632224,pole,1,86.15938568115234
