,x,y,category,consensus,depth
0,1064.6406678669412,399.8681841563786,pole,1,26.288005828857422
1,749.5,371.0,pole,1,105.9143295288086
