,x,y,category,consensus,depth
0,1076.5,464.0,pole,3,17.041065216064453
1,1112.0,363.0,pole,2,46.583045959472656
2,617.7662037037037,353.49151234567904,pole,1,35.57138442993164
