,x,y,category,consensus,depth
0,1100.0468261793171,414.4362461419754,pole,3,35.38629150390625
1,957.5,399.0,pole,3,54.23936080932617
2,789.5,410.0,pole,3,47.024330139160156
3,833.5,409.0,pole,3,47.296485900878906
4,903.0,403.0,pole,3,52.342689514160156
5,1252.0,440.0,pole,1,24.922767639160156
