,x,y,category,consensus,depth
0,970.5343364197532,396.1843064128944,pole,3,19.149967193603516
