,x,y,category,consensus,depth
0,808.0,545.0,pole,3,12.191326141357422
1,828.5,562.0,pole,3,11.045720100402832
2,68.5,566.0,pole,3,13.171501159667969
