,x,y,category,consensus,depth
0,675.5778532282247,370.8168183150858,pole,3,35.38123321533203
1,49.5,481.0,pole,3,14.082064628601074
2,412.0,390.0,pole,3,40.94382858276367
