,x,y,category,consensus,depth
0,983.5,462.0,pole,3,20.579708099365234
1,501.0,390.0,pole,1,44.188961029052734
2,638.0,361.0,pole,1,123.78878021240234
