,x,y,category,consensus,depth
0,1260.0,683.0,pole,3,6.482959270477295
1,749.5,419.0,pole,3,36.42427062988281
2,863.0,475.0,pole,2,19.426864624023438
3,883.0,486.0,pole,2,17.4146728515625
4,909.5,498.0,pole,2,16.268463134765625
5,1082.0,518.0,pole,2,13.522927284240723
6,938.5,514.0,pole,2,14.300849914550781
