,x,y,category,consensus,depth
0,757.0,418.0,pole,3,33.90660858154297
1,76.0,550.0,pole,3,11.58513069152832
2,391.81254409076575,427.182266743642,pole,3,33.40122604370117
3,602.0,412.0,pole,1,46.27029800415039
