,x,y,category,consensus,depth
0,935.3700488683128,451.7773705418382,pole,3,28.02388572692871
1,452.5,490.0,pole,2,23.13115882873535
2,241.5,499.0,pole,2,20.00286102294922
3,390.0,493.0,pole,2,23.375478744506836
4,321.5,496.0,pole,2,22.655242919921875
5,151.5,502.0,pole,2,20.117961883544922
6,514.0817901234568,466.33873456790127,pole,2,31.27176856994629
7,550.0,451.0,pole,2,37.44853210449219
8,875.0555670174659,413.81132421573625,pole,1,71.93061065673828
