,x,y,category,consensus,depth
0,213.5,508.0,pole,3,15.517570495605469
1,449.5,426.0,pole,3,32.27387237548828
