,x,y,category,consensus,depth
0,499.5,419.0,pole,3,31.707029342651367
1,737.5,395.0,pole,3,41.739967346191406
2,518.5562016004283,382.0696095945859,pole,3,53.994876861572266
3,914.0,467.0,pole,1,17.054157257080078
4,966.0,359.0,pole,1,73.49549102783203
