,x,y,category,consensus,depth
0,383.260318771802,418.65976293819614,pole,3,34.51447677612305
1,717.0,448.0,pole,2,24.646780014038086
2,329.8106629760088,418.83500771129707,pole,2,37.52860641479492
3,722.0400377229082,421.971450617284,pole,1,32.51496505737305
