,x,y,category,consensus,depth
0,878.5,488.0,pole,3,18.562654495239258
1,650.0,404.0,pole,3,48.481201171875
2,33.9161724068676,399.7263176523682,pole,2,75.23286437988281
3,520.2547040514023,375.1322474899025,pole,1,104.8419418334961
4,820.3125,424.38271604938274,pole,1,34.503944396972656
