,x,y,category,consensus,depth
0,64.5,424.0,pole,3,29.109907150268555
1,696.3734567901236,399.78780864197535,pole,3,50.39189910888672
2,394.7914248418453,381.3326262676914,pole,2,101.36402893066406
