,x,y,category,consensus,depth
0,649.5,395.0,pole,3,94.4478759765625
1,778.0,401.0,pole,3,47.721954345703125
2,185.5,438.0,pole,3,30.51348876953125
3,843.5,388.0,pole,3,49.637508392333984
4,766.0,402.0,pole,3,48.10639190673828
5,1185.5,403.0,pole,3,31.89215087890625
6,385.13267318244175,415.6083890603567,pole,3,44.846832275390625
7,904.2159347035584,419.75558998743134,pole,2,34.280338287353516
8,1063.107869347621,380.4839075385802,pole,2,68.18826293945312
