,x,y,category,consensus,depth
0,673.7496100299118,364.20154963991774,pole,2,60.91437911987305
1,580.9549623247219,368.38777434842257,pole,2,80.5849380493164
2,709.7976561309252,362.1084372856653,pole,1,74.2039794921875
3,656.5395751171698,365.3643898367246,pole,1,78.18057250976562
4,613.2819197959535,366.5272300335315,pole,1,113.7148666381836
5,540.7206915152036,374.66711141117975,pole,1,75.05262756347656
