,x,y,category,consensus,depth
0,115.5,629.0,pole,3,9.007628440856934
1,1005.5337590721796,495.176117140267,pole,1,43.318817138671875
