,x,y,category,consensus,depth
0,944.7337962962964,539.158950617284,pole,3,10.625337600708008
1,20.0,510.0,pole,3,14.927754402160645
2,89.5,456.0,pole,3,22.539974212646484
3,857.0,430.0,pole,3,23.749374389648438
4,1041.5,493.0,pole,2,13.106621742248535
5,1169.5,476.0,pole,2,13.46811294555664
6,909.0366968202292,429.251557024418,pole,2,22.851158142089844
7,848.8506319464351,416.1923165329344,pole,1,29.090742111206055
8,281.0,420.0,pole,1,34.62848663330078
