,x,y,category,consensus,depth
0,865.5,528.0,pole,2,14.57081413269043
1,834.0,510.0,pole,2,14.957334518432617
2,903.5,552.0,pole,2,12.751770973205566
3,766.0,475.0,pole,2,21.729110717773438
4,954.0,581.0,pole,1,10.869121551513672
5,538.6211189376355,378.73059187668827,pole,1,129.21835327148438
