,x,y,category,consensus,depth
0,1092.5,432.0,pole,3,35.676658630371094
1,529.5,397.0,pole,2,51.43706512451172
2,494.0,394.0,pole,2,43.3325080871582
3,438.04655349794245,392.5004286694102,pole,2,48.75617599487305
