,x,y,category,consensus,depth
0,303.5,440.0,pole,3,27.72148323059082
1,788.5,430.0,pole,3,26.07985496520996
2,759.0,431.0,pole,3,26.657520294189453
3,346.5,442.0,pole,2,27.831520080566406
4,331.5,447.0,pole,2,27.666263580322266
