,x,y,category,consensus,depth
0,148.5,699.0,pole,2,6.684416770935059
1,281.0,614.0,pole,2,8.860845565795898
2,357.0,561.0,pole,2,10.907890319824219
