,x,y,category,consensus,depth
0,824.5188185871057,460.8196159122086,pole,3,18.460918426513672
1,228.61438269223444,424.4366718345146,pole,3,19.426454544067383
2,358.0,401.0,pole,3,39.97342300415039
3,901.5,444.0,pole,2,19.72896957397461
4,997.0,435.0,pole,2,20.369667053222656
5,911.2119712454488,410.7299369553776,pole,1,21.73401641845703
6,849.5720562623678,412.555403341846,pole,1,29.863380432128906
