,x,y,category,consensus,depth
0,149.0,486.0,pole,3,15.877118110656738
1,206.0,405.0,pole,3,31.05852508544922
2,514.0,407.0,pole,2,34.902557373046875
3,397.5,397.0,pole,2,42.27606201171875
4,469.0,402.0,pole,2,37.86957931518555
