,x,y,category,consensus,depth
0,607.0,408.0,pole,3,38.567081451416016
1,860.0,431.0,pole,3,23.582292556762695
2,845.0,410.0,pole,2,31.632219314575195
3,801.5,415.0,pole,2,30.107309341430664
4,761.0,424.0,pole,2,28.738832473754883
5,1206.2681881782823,527.316390171156,pole,1,11.108297348022461
6,1165.779856824417,517.7522719478739,pole,1,11.462950706481934
