,x,y,category,consensus,depth
0,717.5625248892494,337.6531792679078,pole,1,198.7391815185547
