,x,y,category,consensus,depth
0,479.2390046296297,399.5332861796983,pole,3,53.941932678222656
1,288.3873456790124,442.2260802469136,pole,2,25.221006393432617
2,596.1183984910838,396.5192043895748,pole,2,63.17732238769531
3,280.0,449.0,pole,2,23.92098617553711
4,296.5856481481481,442.2260802469136,pole,1,25.717159271240234
5,183.5,444.0,pole,1,25.311065673828125
