,x,y,category,consensus,depth
0,261.0,526.0,pole,3,11.46543025970459
1,496.0,466.0,pole,1,23.608623504638672
