,x,y,category,consensus,depth
0,168.5,398.0,pole,3,50.899314880371094
1,130.5,375.0,pole,3,111.22341918945312
2,158.9214935636082,395.5271724972322,pole,3,51.017581939697266
