,x,y,category,consensus,depth
0,1057.5,468.0,pole,3,17.03769302368164
1,773.0,377.0,pole,3,57.90378189086914
2,554.93318280951,381.153175620036,pole,2,63.711612701416016
3,726.0588134430728,368.0528763717422,pole,2,62.77931594848633
4,844.0,557.0,pole,2,11.561141967773438
5,713.3326903292182,377.0951217421125,pole,2,64.49116516113281
6,898.0,614.0,pole,2,8.91981315612793
