,x,y,category,consensus,depth
0,1005.3637259945132,389.4863468792867,pole,3,56.048561096191406
1,1125.2572016460906,542.5347222222223,pole,1,11.660435676574707
