,x,y,category,consensus,depth
0,909.5,451.0,pole,3,17.876976013183594
1,1209.5,588.0,pole,2,8.327258110046387
2,1161.0,564.0,pole,2,9.177055358886719
3,1262.5,719.0,pole,2,5.41848611831665
4,18.75428669410151,498.663087277092,pole,1,10.588043212890625
5,899.4020061728396,428.2407407407408,pole,1,21.724475860595703
6,860.8217592592594,411.3618827160494,pole,1,25.47866439819336
7,915.3163580246916,412.3263888888889,pole,1,25.0397891998291
8,712.0781149613298,357.5733605181185,pole,1,62.72932815551758
