,x,y,category,consensus,depth
0,253.55728108045304,425.2423947278008,pole,3,33.031253814697266
1,1042.0,632.0,pole,3,7.822498798370361
2,999.0,600.0,pole,2,9.403120040893555
3,944.0,570.0,pole,2,10.72454833984375
4,671.1913615969365,414.9013822206981,pole,2,37.10167694091797
5,681.0,425.0,pole,2,33.06047058105469
