,x,y,category,consensus,depth
0,422.983121588506,361.20723613314,pole,2,36.21863555908203
1,450.0,353.0,pole,1,36.21914291381836
