,x,y,category,consensus,depth
0,495.33762272315687,400.8568567325971,pole,3,56.49251174926758
