,x,y,category,consensus,depth
0,968.0,482.0,pole,3,15.82004165649414
1,821.5,420.0,pole,2,27.134092330932617
2,795.5,406.0,pole,2,37.67525863647461
3,841.5,459.0,pole,2,21.217897415161133
4,857.5,467.0,pole,2,19.683942794799805
5,352.57314767184886,470.4851436280674,pole,2,21.35319709777832
6,816.0035509079557,396.4181288322561,pole,1,40.71990966796875
