,x,y,category,consensus,depth
0,769.5,423.0,pole,3,27.971088409423828
1,437.9256181174745,423.73896771643047,pole,3,31.647294998168945
2,728.7538064469167,401.5161119325311,pole,3,40.43870162963867
3,680.6984277980507,376.7174751707967,pole,3,60.8259162902832
4,558.6098251028807,418.95736882716056,pole,2,34.502159118652344
5,657.2011306919237,364.5750179544366,pole,1,91.82898712158203
6,643.1386790318088,364.4717344111703,pole,1,91.71004486083984
7,1274.0,627.0,pole,1,6.961841583251953
8,878.0,457.0,pole,1,19.694385528564453
