,x,y,category,consensus,depth
0,860.5,520.0,pole,3,14.989985466003418
1,796.0,449.0,pole,2,28.936973571777344
2,1007.0,534.0,pole,2,13.125256538391113
3,772.0871913580247,439.8148148148149,pole,2,35.434715270996094
4,597.0293209876544,415.21990740740745,pole,1,56.37902069091797
5,593.1712962962963,419.5601851851852,pole,1,53.5832405090332
6,584.4907407407408,421.00694444444446,pole,1,52.75389099121094
