,x,y,category,consensus,depth
0,281.0,460.0,pole,3,21.206912994384766
1,598.8324190587562,383.828111836649,pole,1,16.313356399536133
