,x,y,category,consensus,depth
0,317.0,466.0,pole,3,23.916963577270508
1,591.9419597969015,379.0060388075976,pole,2,16.176849365234375
2,613.5585580020467,386.8269929883676,pole,1,16.00709342956543
3,606.9792938387033,383.1156132039175,pole,1,16.09006690979004
4,572.9754588060836,379.8515735189053,pole,1,93.83049774169922
