,x,y,category,consensus,depth
0,29.0,589.0,pole,3,9.502095222473145
1,485.5,426.0,pole,3,35.52623748779297
2,565.5,398.0,pole,3,55.115718841552734
3,597.5,385.0,pole,3,74.11692810058594
4,709.0318406493142,369.40402180971535,pole,1,166.357177734375
5,624.6286186964278,374.5532899925174,pole,1,163.6919403076172
6,614.777844781502,377.4637459219273,pole,1,99.67467498779297
7,83.0,573.0,pole,1,10.665218353271484
8,502.0,394.0,pole,1,62.83678436279297
9,577.5,374.0,pole,1,95.5395278930664
