,x,y,category,consensus,depth
0,228.0,641.0,pole,2,8.11202335357666
1,304.5,593.0,pole,2,9.994813919067383
2,359.0,558.0,pole,2,12.451340675354004
3,515.0730881344308,411.2547153635117,pole,2,44.671119689941406
4,536.5344668066988,439.0884583142814,pole,2,30.04558563232422
5,547.9303007354063,431.413713015356,pole,2,30.431503295898438
6,532.5808101375553,427.69262438557394,pole,1,32.44694519042969
7,751.8459576474623,411.5896133401921,pole,1,43.257110595703125
