,x,y,category,consensus,depth
0,731.7520790466393,383.45818329903983,pole,2,67.5455093383789
