,x,y,category,consensus,depth
0,285.5,490.0,pole,3,18.909053802490234
1,92.0,530.0,pole,2,15.46718978881836
2,259.0,516.0,pole,2,16.593772888183594
3,595.1260483350592,415.4240514627775,pole,2,49.69167709350586
4,590.8474293619096,411.5434435568976,pole,1,53.21390151977539
5,587.4643352901169,415.2250459291426,pole,1,47.1281852722168
6,579.9021250119921,414.2300182609683,pole,1,53.50596618652344
