,x,y,category,consensus,depth
0,1228.5,579.0,pole,3,7.9084906578063965
1,228.0,393.0,pole,2,27.340259552001953
2,422.0,379.0,pole,1,86.62455749511719
3,390.0,381.0,pole,1,33.49651336669922
4,406.0,382.0,pole,1,33.29262924194336
5,490.0,378.0,pole,1,34.30974197387695
6,729.0,370.0,pole,1,44.5740966796875
7,1049.0,353.0,pole,1,86.71541595458984
