,x,y,category,consensus,depth
0,793.5,412.0,pole,3,37.30957794189453
1,749.5,396.0,pole,3,51.788352966308594
2,1143.5,533.0,pole,2,11.915919303894043
3,692.477067820064,383.8630176128734,pole,1,74.10250091552734
4,717.7308103624745,397.9497562405799,pole,1,47.445777893066406
