,x,y,category,consensus,depth
0,282.57016782407413,423.73896771643047,pole,3,42.40837478637695
1,89.5,426.0,pole,3,32.97126770019531
2,851.0,428.0,pole,3,17.32358169555664
3,923.0324074074076,382.4266975308642,pole,1,36.34333801269531
4,889.0,380.0,pole,1,35.89858627319336
