,x,y,category,consensus,depth
0,993.0,418.0,pole,2,30.1474666595459
1,431.0,424.0,pole,2,33.10208511352539
2,291.0,428.0,pole,2,35.24715042114258
