,x,y,category,consensus,depth
0,787.5,412.0,pole,3,38.87601852416992
1,1045.5,268.0,pole,2,47.47995376586914
2,1079.1803048699492,264.0616280248978,pole,2,43.31755828857422
3,1024.7529234360711,266.4842117682455,pole,1,52.03038024902344
4,374.5,390.0,pole,1,41.2909049987793
