,x,y,category,consensus,depth
0,722.0,479.0,pole,3,16.7222900390625
1,645.0,485.0,pole,2,16.747812271118164
2,737.5,545.0,pole,2,11.687067985534668
3,682.5,511.0,pole,2,13.301178932189941
4,815.0,594.0,pole,2,9.41687297821045
5,950.0,673.0,pole,2,7.030412673950195
6,1088.5,719.0,pole,2,5.3607401847839355
