,x,y,category,consensus,depth
0,1080.5732905223742,363.387561502153,pole,3,62.051517486572266
1,963.059413580247,385.32021604938274,pole,3,41.05912780761719
2,1253.6870871824278,354.5271857741684,pole,1,80.03018951416016
3,774.4984567901236,379.5331790123457,pole,1,56.950191497802734
