,x,y,category,consensus,depth
0,437.410953659999,361.5494385487385,pole,2,61.630672454833984
