,x,y,category,consensus,depth
0,687.5,501.0,pole,2,18.00139808654785
1,673.0,511.0,pole,2,14.40468692779541
2,761.5,451.0,pole,2,27.043649673461914
3,750.0,459.0,pole,2,25.528669357299805
4,736.0,469.0,pole,2,23.886844635009766
5,382.4266975308642,435.47453703703707,pole,2,29.098012924194336
6,257.0408950617284,444.6373456790124,pole,1,26.108373641967773
7,399.0,442.0,pole,1,26.83835220336914
