,x,y,category,consensus,depth
0,280.5,551.0,pole,3,11.113794326782227
1,217.5,394.0,pole,3,47.207340240478516
2,233.5,359.0,pole,1,139.34292602539062
3,417.0,360.0,pole,1,138.60740661621094
4,463.5,365.0,pole,1,104.26493835449219
