,x,y,category,consensus,depth
0,324.19984686976073,379.7836082771301,pole,1,48.568328857421875
1,346.06124256973027,381.6441525920211,pole,1,74.82832336425781
