,x,y,category,consensus,depth
0,533.5,374.0,pole,3,75.23357391357422
1,561.0,367.0,pole,3,137.10670471191406
2,185.5,499.0,pole,2,16.600364685058594
3,443.0,410.0,pole,2,39.5211067199707
4,105.0,528.0,pole,2,13.964971542358398
5,1067.0,441.0,pole,1,21.9589786529541
