,x,y,category,consensus,depth
0,841.5,451.0,pole,3,21.700803756713867
1,335.0,428.0,pole,3,26.419729232788086
2,818.383487654321,421.00694444444446,pole,2,27.350341796875
