,x,y,category,consensus,depth
0,1129.5,601.0,pole,3,8.386990547180176
1,134.0,533.0,pole,3,13.866978645324707
2,1030.0,463.0,pole,3,17.820615768432617
3,850.0,458.0,pole,3,19.113061904907227
4,710.0,387.0,pole,3,39.68909454345703
5,454.0,532.0,pole,2,13.223922729492188
6,637.6137297661028,355.2995046133445,pole,1,84.8743667602539
7,667.4516675240055,368.0528763717422,pole,1,67.18141174316406
8,650.371870713306,369.7273662551441,pole,1,68.86453247070312
