,x,y,category,consensus,depth
0,734.9537037037038,466.33873456790127,pole,3,19.382320404052734
