,x,y,category,consensus,depth
0,856.4814814814815,422.45370370370375,pole,3,32.82035827636719
1,940.0,434.0,pole,3,28.718807220458984
2,842.5,424.0,pole,3,33.49200439453125
3,357.794062841186,392.9925236555529,pole,1,40.67952346801758
4,377.61455533859646,394.01772154335,pole,1,43.707340240478516
5,105.5,397.0,pole,1,28.824644088745117
6,465.5,375.0,pole,1,27.617021560668945
