,x,y,category,consensus,depth
0,703.0531829894453,370.9460227813977,pole,2,87.91508483886719
1,727.2376543209878,385.32021604938274,pole,2,73.605224609375
2,711.8907684851777,374.66711141117975,pole,1,84.86234283447266
3,794.0,406.0,pole,1,41.69630432128906
4,458.0,386.0,pole,1,61.959381103515625
5,549.5,372.0,pole,1,137.29554748535156
6,482.0,380.0,pole,1,68.8091049194336
7,514.0,377.0,pole,1,82.24800109863281
