,x,y,category,consensus,depth
0,931.7484680932176,366.9683946756026,pole,3,60.33446502685547
1,778.3204522657354,370.6621667499885,pole,3,82.13349151611328
2,693.9086076817559,387.47695901920446,pole,3,50.39118576049805
3,522.5,438.0,pole,3,20.637767791748047
4,561.0,394.0,pole,3,39.90386962890625
5,640.9947273662552,402.8822659465021,pole,2,34.974971771240234
6,0.5,501.0,pole,2,10.572822570800781
7,640.5,379.0,pole,1,36.65332794189453
