,x,y,category,consensus,depth
0,581.5,393.0,pole,3,70.43788146972656
1,332.5,379.0,pole,3,112.90664672851562
2,194.5,418.0,pole,3,40.44519805908203
