,x,y,category,consensus,depth
0,820.0,438.0,pole,3,30.324195861816406
1,721.5,410.0,pole,3,52.230613708496094
2,687.5455461248287,407.9057355967079,pole,1,52.749019622802734
3,697.5,406.0,pole,1,53.148868560791016
