,x,y,category,consensus,depth
0,509.5,506.0,pole,3,18.97172737121582
1,306.5,615.0,pole,3,8.462953567504883
2,271.0,477.0,pole,2,25.22113037109375
3,249.5,471.0,pole,2,27.907394409179688
4,233.0,467.0,pole,2,27.619609832763672
5,1091.5,500.0,pole,2,16.12904930114746
6,985.0,511.0,pole,2,14.5905179977417
7,653.5,519.0,pole,2,16.33137321472168
8,805.0,517.0,pole,2,15.805232048034668
9,296.1033950617284,483.6998456790124,pole,2,23.35236167907715
