,x,y,category,consensus,depth
0,855.0,452.0,pole,3,20.46733283996582
1,633.6269718792868,377.4300197187929,pole,2,78.47702026367188
