,x,y,category,consensus,depth
0,326.5,538.0,pole,3,11.047796249389648
1,1146.5,549.0,pole,1,11.030400276184082
