,x,y,category,consensus,depth
0,355.0,454.0,pole,3,15.3196382522583
1,143.0,459.0,pole,2,14.989349365234375
2,24.5,460.0,pole,2,14.9059476852417
3,455.0,387.0,pole,1,29.745012283325195
