,x,y,category,consensus,depth
0,853.5,434.0,pole,3,30.466289520263672
1,338.0,401.0,pole,3,38.717247009277344
2,317.5,399.0,pole,3,37.359554290771484
3,966.0,446.0,pole,3,23.976543426513672
4,864.4150827036683,436.8499424404682,pole,2,30.386323928833008
5,470.1427517923409,379.6996253740273,pole,1,177.1918487548828
