,x,y,category,consensus,depth
0,354.50475444321137,417.00741502158166,pole,3,37.308258056640625
1,373.5,419.0,pole,2,37.731834411621094
2,719.7980818234645,423.0412635983464,pole,2,30.90130615234375
3,722.5888982958011,411.8779977090002,pole,1,37.625633239746094
4,732.8218920277017,430.48344085791047,pole,1,28.549957275390625
5,361.2879889245849,419.2684931820396,pole,1,37.36600875854492
