,x,y,category,consensus,depth
0,637.5,373.0,pole,3,125.00940704345703
1,744.8131001371743,382.1185913923183,pole,2,83.13959503173828
2,837.5798396776407,388.4816529492456,pole,1,81.31967163085938
3,539.5578513183967,378.3882000409618,pole,1,36.50482940673828
4,561.1866789790048,379.5510402377687,pole,1,54.50102233886719
