,x,y,category,consensus,depth
0,605.5,452.0,pole,3,23.758222579956055
1,39.9365837191358,527.4643132716049,pole,2,11.724523544311523
