,x,y,category,consensus,depth
0,722.41447226628,390.0359826789775,pole,3,44.836666107177734
1,225.7212362825789,439.386145404664,pole,3,23.44015884399414
2,777.5,466.0,pole,3,20.273052215576172
3,737.8472222222223,433.545524691358,pole,2,27.059986114501953
