,x,y,category,consensus,depth
0,542.8138038694559,430.48344085791047,pole,2,48.243534088134766
1,481.5,414.0,pole,2,73.43098449707031
2,464.97457313986587,412.32375311777616,pole,1,73.39312744140625
3,456.2532716638142,411.3547196204371,pole,1,69.36740112304688
