,x,y,category,consensus,depth
0,910.5,461.0,pole,3,21.176729202270508
1,828.5,405.0,pole,3,44.422218322753906
2,784.2194287265662,386.0629453398873,pole,2,25.478384017944336
3,796.7781028520806,390.9468741664762,pole,1,62.328834533691406
