,x,y,category,consensus,depth
0,317.0,476.0,pole,3,17.34408950805664
1,891.5,475.0,pole,3,16.638425827026367
2,493.0,388.0,pole,3,45.5673713684082
3,509.5,383.0,pole,2,46.19873046875
4,521.0,381.0,pole,2,46.78837585449219
5,728.7379972565159,362.3596107681756,pole,1,74.88672637939453
