,x,y,category,consensus,depth
0,241.0,406.0,pole,3,41.9159049987793
1,463.0,525.0,pole,2,14.158641815185547
2,435.0,558.0,pole,2,11.966919898986816
