,x,y,category,consensus,depth
0,657.6866236569831,384.2486992920914,pole,3,89.0107192993164
1,673.8371819459676,374.0424437066914,pole,2,96.84794616699219
2,408.0361063503461,381.4939518595954,pole,1,115.10601806640625
3,386.5118716140657,377.66448678381545,pole,1,113.14186096191406
4,649.6113445124907,377.96792662415294,pole,1,62.101402282714844
