,x,y,category,consensus,depth
0,521.0,382.0,pole,3,72.2903060913086
1,34.0,557.0,pole,2,12.04008960723877
2,496.5175107314912,383.8000726729529,pole,1,65.55126190185547
3,551.8839574045497,375.8299516079866,pole,1,122.00878143310547
