,x,y,category,consensus,depth
0,183.8247571919842,502.686126744645,pole,1,14.982132911682129
1,283.53202329550703,503.1347533637834,pole,1,17.740938186645508
2,544.5205589793064,347.79778648709146,pole,1,90.84259033203125
3,1242.0,611.0,pole,1,7.481456756591797
