,x,y,category,consensus,depth
0,996.0,451.0,pole,3,20.976158142089844
1,805.5,417.0,pole,2,37.04941940307617
2,923.0,434.0,pole,2,25.77226448059082
3,957.0,433.0,pole,2,25.140336990356445
4,877.0,438.0,pole,2,24.434965133666992
5,845.5,418.0,pole,2,36.1523551940918
6,943.7692901234568,437.4035493827161,pole,2,23.3138370513916
7,977.5,438.0,pole,1,22.747583389282227
