,x,y,category,consensus,depth
0,1240.0,592.0,pole,3,8.46518325805664
1,854.0,454.0,pole,3,23.068288803100586
2,1030.0,583.0,pole,2,9.915853500366211
3,984.0,559.0,pole,2,11.21448040008545
4,80.5,582.0,pole,2,10.875872611999512
5,140.0,563.0,pole,2,11.137310981750488
6,465.6012148014785,428.6228965430194,pole,1,36.36394500732422
