,x,y,category,consensus,depth
0,163.1206387187442,382.7682314489344,pole,3,45.09383010864258
1,38.0,453.0,pole,3,19.917478561401367
2,485.0,441.0,pole,3,20.811681747436523
3,796.5,419.0,pole,3,26.35051727294922
4,739.5,411.0,pole,3,29.520572662353516
5,324.30551272101684,374.791067471782,pole,1,42.2373046875
6,197.5078690757072,361.3687417160299,pole,1,69.5324478149414
7,213.88274067426104,363.83618812129146,pole,1,63.16338348388672
8,633.5,410.0,pole,1,28.175983428955078
