,x,y,category,consensus,depth
0,50.23469650205762,387.22578553669416,pole,2,40.93844223022461
