,x,y,category,consensus,depth
0,384.46287722908096,387.14206104252406,pole,2,46.385704040527344
