,x,y,category,consensus,depth
0,323.0,556.0,pole,2,16.37866973876953
1,149.5,539.0,pole,2,18.58418846130371
2,196.5,549.0,pole,2,16.269351959228516
