,x,y,category,consensus,depth
0,102.0,526.0,pole,2,13.880417823791504
1,47.5,543.0,pole,2,12.01955795288086
2,872.5,407.0,pole,2,31.145782470703125
3,863.4088461291153,405.9039061979048,pole,2,32.592811584472656
