,x,y,category,consensus,depth
0,638.9160859122297,377.7615583793492,pole,2,71.07307434082031
1,1180.5555555555557,511.1882716049383,pole,1,9.645182609558105
