,x,y,category,consensus,depth
0,1015.0625884626804,399.7263176523682,pole,1,71.7410888671875
1,1021.3613061953844,399.4033064865885,pole,1,71.06104278564453
2,764.5,433.0,pole,1,27.82413101196289
