,x,y,category,consensus,depth
0,1094.5,567.0,pole,3,9.483861923217773
1,977.0,442.0,pole,3,19.387781143188477
2,1071.3386274005488,357.3361411179699,pole,2,47.714839935302734
3,885.7315029343281,351.5924321437468,pole,1,78.12520599365234
4,591.2422839506173,344.8109567901235,pole,1,38.58370590209961
