,x,y,category,consensus,depth
0,1196.3299944749278,422.5761275196236,pole,3,31.77153205871582
1,559.7783502962053,421.85258250827707,pole,2,41.932044982910156
2,599.0,424.0,pole,1,41.18378448486328
