,x,y,category,consensus,depth
0,253.0,382.0,pole,3,32.53949737548828
1,1058.0,358.0,pole,3,46.20341873168945
2,273.0,699.0,pole,2,5.922749996185303
3,653.0,519.0,pole,2,11.707788467407227
4,497.0,584.0,pole,2,8.691301345825195
5,735.0,480.0,pole,2,14.560927391052246
6,578.0,550.0,pole,2,10.460763931274414
7,703.0,496.0,pole,2,13.298545837402344
8,402.0,633.0,pole,2,7.349724769592285
