,x,y,category,consensus,depth
0,23.5,555.0,pole,3,9.543327331542969
1,383.0,582.0,pole,3,9.759004592895508
2,1170.0,453.0,pole,2,20.08399200439453
3,1112.0,465.0,pole,2,18.250553131103516
4,1034.0,480.0,pole,2,16.360523223876953
5,792.0,531.0,pole,2,12.586240768432617
6,423.5,607.0,pole,2,8.945967674255371
7,930.5,503.0,pole,2,14.584184646606445
8,1217.5,445.0,pole,2,21.03366470336914
