,x,y,category,consensus,depth
0,859.0,463.0,pole,3,19.721820831298828
1,786.0,452.0,pole,3,21.28186798095703
2,1272.5,519.0,pole,2,15.299241065979004
3,221.0,381.0,pole,1,89.80487060546875
