,x,y,category,consensus,depth
0,538.3950111215897,454.9030849908551,pole,3,23.443876266479492
1,1199.0,531.0,pole,3,10.23576545715332
2,1125.5,383.0,pole,3,46.24626541137695
3,6.0,571.0,pole,3,9.204054832458496
4,209.0,389.0,pole,1,38.575775146484375
5,828.0,389.0,pole,1,38.554115295410156
