,x,y,category,consensus,depth
0,587.1916876473177,384.36208915083495,pole,3,68.71748352050781
1,529.0922895471347,395.8308029930652,pole,3,50.117431640625
2,778.5,399.0,pole,3,40.87710952758789
3,750.5,414.0,pole,3,33.688568115234375
4,737.5,386.0,pole,3,55.98140335083008
5,993.0,467.0,pole,3,18.550914764404297
6,501.5,391.0,pole,3,50.6878662109375
7,415.1339502600595,356.52680434099227,pole,1,71.34674072265625
8,15.0,544.0,pole,1,11.141352653503418
