,x,y,category,consensus,depth
0,650.5,365.0,pole,3,125.14323425292969
1,753.5,379.0,pole,3,54.23421859741211
2,266.0,391.0,pole,3,48.00804901123047
3,801.7457561728396,370.0622642318244,pole,1,62.03077697753906
