,x,y,category,consensus,depth
0,193.5,412.0,pole,3,50.10751724243164
1,137.0,442.0,pole,2,27.0285587310791
2,948.0,405.0,pole,2,31.900209426879883
3,455.4612482853224,369.0575703017833,pole,1,107.78070831298828
4,499.3328832304528,370.7320601851852,pole,1,114.2009048461914
