,x,y,category,consensus,depth
0,710.9884044924555,397.523898319616,pole,3,46.92471694946289
1,48.66486223636832,467.2873330868485,pole,3,21.889015197753906
2,1028.0,476.0,pole,3,16.359670639038086
3,344.0,426.0,pole,3,35.363319396972656
4,402.5,403.0,pole,3,52.830848693847656
5,775.0,426.0,pole,3,29.227859497070312
6,740.5,430.0,pole,2,27.368364334106445
7,820.0,482.0,pole,2,17.23257827758789
8,704.6253429355282,390.4910408093279,pole,1,58.309024810791016
