,x,y,category,consensus,depth
0,1121.5,514.0,pole,3,11.531353950500488
1,445.5,462.0,pole,3,26.054397583007812
2,509.5,456.0,pole,3,25.480344772338867
3,629.0,444.0,pole,3,27.412689208984375
4,1002.0,450.0,pole,2,20.021093368530273
5,945.0,462.0,pole,2,18.577083587646484
6,1041.5,443.0,pole,2,19.531024932861328
7,889.5,483.0,pole,2,17.275985717773438
