,x,y,category,consensus,depth
0,1041.0,687.0,pole,3,5.947502136230469
1,132.0,368.0,pole,2,105.9967269897461
2,284.5,394.0,pole,2,41.33714294433594
3,159.54167500190522,365.5969578760861,pole,2,136.15069580078125
4,115.53980195473252,369.3924682784637,pole,2,95.13579559326172
