,x,y,category,consensus,depth
0,725.5,376.0,pole,2,85.14744567871094
1,752.0,375.0,pole,2,84.24905395507812
2,870.6160327655748,376.60101739396544,pole,2,33.708919525146484
3,931.4349976423184,383.0395608281893,pole,1,28.581884384155273
4,770.0,394.0,pole,1,51.480247497558594
