,x,y,category,consensus,depth
0,706.2753788797847,369.49386826264873,pole,3,91.6001205444336
1,843.0,405.0,pole,3,35.604671478271484
2,789.5,388.0,pole,3,51.330108642578125
3,730.0,382.0,pole,3,62.50968551635742
4,685.0,364.0,pole,2,97.32389831542969
