,x,y,category,consensus,depth
0,196.0,486.0,pole,3,18.448974609375
1,867.5,406.0,pole,3,36.68867874145508
2,858.0,480.0,pole,2,19.024272918701172
3,389.5,433.0,pole,2,30.86026954650879
4,849.5,474.0,pole,2,20.241039276123047
5,411.3547196204371,424.8000593960168,pole,2,33.27426528930664
6,569.0,362.0,pole,2,135.9529266357422
7,549.5,366.0,pole,2,91.55393981933594
