,x,y,category,consensus,depth
0,1198.0,410.0,pole,3,42.024532318115234
1,1033.0,438.0,pole,3,25.829885482788086
2,525.0,425.0,pole,3,34.57548522949219
3,39.5,518.0,pole,3,14.054840087890625
4,411.5,475.0,pole,3,22.0074520111084
5,633.5,355.0,pole,1,105.597412109375
6,661.5,379.0,pole,1,101.84634399414062
7,487.0,375.0,pole,1,108.4856185913086
