,x,y,category,consensus,depth
0,153.5,444.0,pole,3,26.26822853088379
1,200.0,513.0,pole,2,12.2628173828125
2,917.5,494.0,pole,2,14.500809669494629
3,949.0,508.0,pole,2,13.703024864196777
4,240.5,499.0,pole,2,14.739179611206055
5,697.5426125012438,362.58003358770367,pole,1,69.81185150146484
6,684.622165870056,362.0955168390341,pole,1,70.22254180908203
