,x,y,category,consensus,depth
0,1086.5,445.0,pole,3,19.826480865478516
1,237.5,470.0,pole,3,20.182165145874023
2,611.460136820956,349.33657579073633,pole,1,17.601787567138672
