,x,y,category,consensus,depth
0,637.5,342.0,pole,3,52.6115837097168
1,701.0,339.0,pole,3,62.09208679199219
2,898.866169410151,436.03716563786014,pole,2,20.357067108154297
3,914.9226668476606,378.85333611968457,pole,1,33.066314697265625
4,814.6858418829067,343.96813021547786,pole,1,36.00474548339844
5,799.5689193244172,343.0378580580324,pole,1,59.019691467285156
6,776.3121153882794,346.52637864845303,pole,1,53.023841857910156
7,659.9118116879097,339.4039824430108,pole,1,63.13254165649414
