,x,y,category,consensus,depth
0,568.0,455.0,pole,3,22.332496643066406
1,874.5,577.0,pole,2,10.575297355651855
2,192.4187608648553,375.1990592091578,pole,2,98.86943817138672
