,x,y,category,consensus,depth
0,761.0,403.0,pole,3,41.8028678894043
1,705.0,380.0,pole,3,74.2645492553711
2,785.6148369627344,397.4587792685948,pole,1,41.55229187011719
3,825.1886145404665,380.109203532236,pole,1,66.02507019042969
4,621.2357467421125,388.1467549725652,pole,1,62.15945816040039
5,681.5173825445817,385.4675711591221,pole,1,72.07051849365234
6,735.770854766804,381.7836934156379,pole,1,61.91830062866211
