,x,y,category,consensus,depth
0,429.75626197094886,413.8580561552297,pole,2,41.930118560791016
1,137.0,461.0,pole,1,21.237659454345703
2,396.5,412.0,pole,1,47.38556671142578
