,x,y,category,consensus,depth
0,905.5,452.0,pole,3,18.874181747436523
1,1097.5,451.0,pole,3,17.55984115600586
2,733.5,395.0,pole,3,45.1501350402832
3,697.5,377.0,pole,2,67.09159088134766
4,806.0,454.0,pole,2,19.377124786376953
5,545.0,404.0,pole,2,41.89072036743164
6,868.0,447.0,pole,2,19.423715591430664
7,588.2336151816102,367.9299060209299,pole,1,58.840980529785156
8,583.6912706628332,369.4440208605222,pole,1,58.840980529785156
9,575.8683439916064,369.6963733337876,pole,1,58.840980529785156
