,x,y,category,consensus,depth
0,602.0,488.0,pole,3,15.225441932678223
1,1259.5,398.0,pole,3,31.92745590209961
2,68.5,530.0,pole,2,12.657169342041016
3,255.5,530.0,pole,2,12.890284538269043
4,1227.401084533608,411.5896133401921,pole,1,27.352861404418945
5,1182.4845679012346,415.7021604938272,pole,1,27.607118606567383
6,1133.9645490397806,422.3063485939644,pole,1,24.687036514282227
7,1025.2700617283951,435.47453703703707,pole,1,22.61771011352539
8,951.0,445.0,pole,1,20.18924331665039
