,x,y,category,consensus,depth
0,442.5,441.0,pole,3,23.47916030883789
1,649.5,392.0,pole,3,38.923221588134766
2,884.5,427.0,pole,3,25.508075714111328
