,x,y,category,consensus,depth
0,569.7916964353758,368.0712234059585,pole,3,138.9740753173828
1,548.1499483281365,372.2703685610944,pole,3,102.3332748413086
2,421.5,411.0,pole,3,40.50358581542969
3,997.0,518.0,pole,3,11.786518096923828
4,503.8974186163187,394.0736222512236,pole,2,55.673519134521484
5,512.4572145094805,381.9607035344852,pole,2,67.79246520996094
6,619.5612568587106,369.0575703017833,pole,1,142.2481689453125
7,507.28903585700544,393.91211666833374,pole,1,55.673519134521484
8,185.0,437.0,pole,1,26.28795051574707
