,x,y,category,consensus,depth
0,531.9993900391519,373.4009076413233,pole,3,96.5628890991211
1,985.5,481.0,pole,3,16.719318389892578
2,763.5,405.0,pole,3,37.474037170410156
3,637.5,386.0,pole,3,62.88337707519531
4,427.5,366.0,pole,3,126.31422424316406
