,x,y,category,consensus,depth
0,545.5550136912001,390.08194053896295,pole,3,76.3415756225586
1,30.0,521.0,pole,3,13.43154525756836
2,413.0,423.0,pole,3,36.24264907836914
3,506.5,398.0,pole,3,75.48810577392578
4,732.5,407.0,pole,3,39.2684440612793
5,578.9817244189311,377.3331485404795,pole,2,170.03204345703125
6,564.3672555426208,380.287136930372,pole,2,147.700927734375
