,x,y,category,consensus,depth
0,1049.0,435.0,pole,3,20.853321075439453
1,1090.0,358.0,pole,3,70.65316009521484
2,1215.0,385.0,pole,3,46.18486785888672
3,1158.0,356.0,pole,3,68.046630859375
4,453.5,391.0,pole,3,50.872371673583984
5,1064.9874426263889,362.4786770005502,pole,1,63.86374282836914
6,1074.098928496348,361.9504749211322,pole,1,63.85731506347656
