,x,y,category,consensus,depth
0,615.0,514.0,pole,3,13.599034309387207
1,794.5,426.0,pole,3,26.573610305786133
2,905.1890432098766,339.5061728395062,pole,1,93.9404067993164
3,937.0,363.0,pole,1,93.4131088256836
4,757.5,355.0,pole,1,88.2556381225586
