,x,y,category,consensus,depth
0,727.4848643353645,430.1821067695841,pole,3,26.05356788635254
1,173.0,457.0,pole,3,23.71905517578125
2,760.5,463.0,pole,3,18.859098434448242
3,841.5,504.0,pole,3,15.187992095947266
4,707.5,453.0,pole,2,20.248464584350586
5,697.5,447.0,pole,2,21.447338104248047
6,603.9251295232773,403.5041325089402,pole,1,44.38690185546875
7,597.2697833226114,403.3139797603498,pole,1,44.68606948852539
