,x,y,category,consensus,depth
0,325.5,382.0,pole,3,41.38618087768555
1,297.0,384.0,pole,2,40.99131774902344
2,277.0,389.0,pole,2,42.24516677856445
3,253.8526663237312,383.45818329903983,pole,1,44.821014404296875
