,x,y,category,consensus,depth
0,1237.0,437.0,pole,3,24.204456329345703
1,1074.017811213992,403.8869598765432,pole,2,39.60369873046875
