,x,y,category,consensus,depth
0,601.2465237590021,433.274257330247,pole,3,30.02118492126465
1,844.5126929310034,403.7235808288919,pole,1,51.2330207824707
