,x,y,category,consensus,depth
0,1031.5,479.0,pole,3,19.199806213378906
1,985.5,458.0,pole,3,22.959877014160156
2,787.0,407.0,pole,3,37.73504638671875
3,340.5,461.0,pole,3,19.625404357910156
4,469.5,396.0,pole,3,44.08223342895508
5,1044.5,551.0,pole,2,13.033079147338867
