,x,y,category,consensus,depth
0,1220.5,536.0,pole,3,10.047150611877441
1,513.5,404.0,pole,3,46.13934326171875
2,549.0,400.0,pole,3,46.74285125732422
3,613.0,395.0,pole,3,49.462318420410156
4,796.5,410.0,pole,3,32.96624755859375
5,763.5,400.0,pole,2,38.57138442993164
6,729.5,407.0,pole,2,34.88833236694336
7,950.0,567.0,pole,2,10.1535005569458
8,938.9467592592594,448.4953703703704,pole,1,20.515399932861328
9,1174.5,710.0,pole,1,5.807278633117676
