,x,y,category,consensus,depth
0,773.9492241083677,389.4863468792867,pole,3,46.06051254272461
1,80.0,583.0,pole,2,10.547402381896973
2,503.4782331190613,396.0531872081721,pole,2,55.29585266113281
3,8.0,617.0,pole,1,7.987865447998047
4,690.1133556883108,380.6686588713664,pole,1,66.2150650024414
5,709.6488125857339,393.17022462277095,pole,1,52.318660736083984
