,x,y,category,consensus,depth
0,71.5,563.0,pole,3,14.172163963317871
1,875.0,507.0,pole,3,15.552978515625
2,984.0,491.0,pole,3,16.809036254882812
3,942.0,505.0,pole,2,15.895833969116211
