,x,y,category,consensus,depth
0,738.0,396.0,pole,3,39.665260314941406
1,867.5,456.0,pole,3,20.03542137145996
2,51.5,539.0,pole,3,11.978907585144043
3,1039.5,618.0,pole,2,8.094407081604004
4,1128.0,679.0,pole,2,6.31505823135376
