,x,y,category,consensus,depth
0,461.5,427.0,pole,2,37.39183807373047
1,526.7945173182442,426.32512431412897,pole,2,37.27334213256836
2,431.3485939643347,424.6506344307271,pole,2,37.69145965576172
