,x,y,category,consensus,depth
0,625.5,556.0,pole,3,14.86583423614502
1,896.0,647.0,pole,3,9.213622093200684
2,673.5,611.0,pole,2,10.918061256408691
3,773.0,642.0,pole,2,9.787035942077637
