,x,y,category,consensus,depth
0,1003.0,564.0,pole,3,10.221969604492188
1,1077.5,557.0,pole,3,9.968523979187012
2,781.5,408.0,pole,2,38.69498062133789
3,833.5,405.0,pole,2,37.2705192565918
4,809.8019130563177,397.9239153473175,pole,2,40.84531784057617
5,736.1424468119169,414.2618201124543,pole,1,37.97283935546875
6,772.3196973792423,398.4342729892495,pole,1,38.012367248535156
7,759.076239582275,394.0736222512236,pole,1,30.154373168945312
8,449.0981867283951,394.84471450617286,pole,1,60.82528305053711
