,x,y,category,consensus,depth
0,473.0,447.0,pole,3,46.65618896484375
1,533.5,423.0,pole,3,77.69856262207031
2,365.5,495.0,pole,2,24.05744171142578
3,807.5,482.0,pole,2,23.132930755615234
4,104.5,535.0,pole,2,17.771183013916016
5,818.8720665914115,486.9974744227253,pole,2,21.591087341308594
6,883.9346355212479,462.2957114403354,pole,2,25.949295043945312
7,695.9822988759068,413.60467472421766,pole,1,68.41873931884766
