,x,y,category,consensus,depth
0,1075.5,394.0,pole,3,60.037498474121094
1,690.0,375.0,pole,3,69.75799560546875
2,1157.0,462.0,pole,3,19.50228500366211
3,1058.5455246913582,380.0154320987655,pole,1,76.2400131225586
