,x,y,category,consensus,depth
0,40.5,503.0,pole,3,15.475666999816895
1,1030.0,455.0,pole,3,16.982576370239258
2,786.0,381.0,pole,3,45.06208801269531
3,672.3542017937434,394.2028267175355,pole,2,45.30767059326172
