,x,y,category,consensus,depth
0,478.47222222222223,523.6111111111111,pole,3,13.130908012390137
1,759.0277777777777,564.5833333333333,pole,3,9.624689102172852
