,x,y,category,consensus,depth
0,1247.6306278240584,378.52870989807593,pole,1,74.22120666503906
