,x,y,category,consensus,depth
0,1197.5,618.0,pole,3,8.583675384521484
1,872.0,482.0,pole,3,22.150733947753906
2,514.4405030673679,505.8354856109969,pole,2,15.7344388961792
