,x,y,category,consensus,depth
0,735.4359567901236,385.8024691358025,pole,3,62.80540084838867
1,50.5,379.0,pole,1,59.610225677490234
