,x,y,category,consensus,depth
0,578.3688057270234,438.04655349794245,pole,3,152.7689208984375
1,618.5565629286695,467.51757544581625,pole,3,39.99714279174805
2,1063.0,471.0,pole,3,24.551692962646484
3,1201.5,487.0,pole,3,20.65044403076172
4,566.9822745198903,434.6975737311386,pole,1,74.04443359375
5,611.5237054183814,439.386145404664,pole,1,46.88484191894531
6,1069.3478449836157,469.0897353918992,pole,1,25.65005111694336
7,1014.2292196549688,465.8337828408399,pole,1,26.44993782043457
8,1087.2555840144416,468.3920312738151,pole,1,25.14836883544922
