,x,y,category,consensus,depth
0,969.5,386.0,pole,3,49.669578552246094
1,1043.649076634183,376.4695137162304,pole,2,53.8766975402832
2,1147.0,475.0,pole,1,15.170879364013672
3,1004.0398324304484,380.46677689275407,pole,1,50.671268463134766
4,950.25847332813,382.64710226176703,pole,1,49.19926452636719
5,888.1192003112617,386.2809778767885,pole,1,48.65864181518555
6,633.6805555555555,397.8587962962963,pole,1,44.305213928222656
7,1268.5,443.0,pole,1,16.50408363342285
8,910.5,374.0,pole,1,63.352203369140625
