,x,y,category,consensus,depth
0,742.0,411.0,pole,3,44.7668571472168
1,117.44685987749584,437.4217206988582,pole,1,27.129024505615234
