,x,y,category,consensus,depth
0,869.0,453.0,pole,3,21.89919090270996
1,153.0,583.0,pole,3,7.869346618652344
2,1069.0,455.0,pole,2,23.38812255859375
3,1055.5,448.0,pole,2,24.768999099731445
