,x,y,category,consensus,depth
0,922.5,561.0,pole,2,10.564905166625977
1,888.5,539.0,pole,2,11.980085372924805
2,728.6356673191968,375.5973835686253,pole,1,51.34361267089844
