,x,y,category,consensus,depth
0,1096.0,599.0,pole,2,11.25605583190918
1,673.5,399.0,pole,2,54.68483352661133
