,x,y,category,consensus,depth
0,804.5,443.0,pole,3,21.047748565673828
1,1205.5,408.0,pole,3,32.38318634033203
2,219.5,430.0,pole,3,24.862661361694336
3,444.5,472.0,pole,3,16.496084213256836
4,765.5,419.0,pole,3,29.796825408935547
