,x,y,category,consensus,depth
0,1208.2491064921985,434.3208135073732,pole,3,32.15382766723633
1,571.5,617.0,pole,3,10.227519989013672
2,253.5,465.0,pole,3,33.46857452392578
3,509.5,528.0,pole,2,19.519739151000977
4,11.051633230452676,498.9979852537724,pole,1,21.93053436279297
5,122.56335674344614,473.50852813976536,pole,1,31.685327529907227
6,755.8461279244781,432.7945857490641,pole,1,22.276477813720703
