,x,y,category,consensus,depth
0,750.0,419.0,pole,3,27.53578758239746
1,577.1581455216294,347.9099431418761,pole,1,13.821633338928223
