,x,y,category,consensus,depth
0,438.5,503.0,pole,3,14.673484802246094
1,830.5,445.0,pole,3,27.27102279663086
2,958.5,420.0,pole,3,42.9681282043457
