,x,y,category,consensus,depth
0,1184.0,550.0,pole,3,10.656156539916992
1,889.0,428.0,pole,3,28.22903823852539
2,949.0,531.0,pole,3,12.030672073364258
3,478.0,400.0,pole,3,39.434513092041016
4,833.5,419.0,pole,2,31.132123947143555
5,1021.5,429.0,pole,2,25.75206756591797
6,935.4166666666666,430.55555555555554,pole,1,27.194091796875
7,750.5,395.0,pole,1,14.20446491241455
