,x,y,category,consensus,depth
0,817.0,448.0,pole,3,21.680604934692383
1,708.0,402.0,pole,3,35.203060150146484
2,35.16428755144033,446.7539008916325,pole,2,22.98481559753418
