,x,y,category,consensus,depth
0,718.6352416266576,391.1794422058376,pole,1,54.55213928222656
1,840.0,377.0,pole,1,48.667816162109375
