,x,y,category,consensus,depth
0,455.5,377.0,pole,1,57.410152435302734
1,589.0,356.0,pole,1,151.18214416503906
