,x,y,category,consensus,depth
0,1061.2916881001372,438.3814514746228,pole,2,20.741952896118164
1,765.8594740636485,366.2946619941701,pole,1,86.61785888671875
