,x,y,category,consensus,depth
0,919.0,474.0,pole,3,16.18441390991211
1,292.0,417.0,pole,2,34.03011703491211
2,143.5,445.0,pole,1,24.010072708129883
3,746.5,422.0,pole,1,26.07207489013672
