,x,y,category,consensus,depth
0,1168.5,493.0,pole,3,13.342419624328613
1,885.0,426.0,pole,2,29.502668380737305
2,1007.5,453.0,pole,2,19.020341873168945
3,1067.0,454.0,pole,2,18.357547760009766
4,1054.0,460.0,pole,2,18.390438079833984
5,953.0,462.0,pole,2,18.30649185180664
6,833.5,425.0,pole,2,29.914289474487305
