,x,y,category,consensus,depth
0,341.5,437.0,pole,3,30.2578067779541
1,485.5,397.0,pole,3,66.67422485351562
2,524.0,388.0,pole,3,72.86550903320312
3,669.0,379.0,pole,3,93.93644714355469
4,351.5625,435.47453703703707,pole,2,30.246374130249023
5,361.6898148148149,431.61651234567904,pole,2,30.33108901977539
6,564.5,377.0,pole,2,160.81201171875
7,577.5,372.0,pole,2,160.81201171875
8,547.0,381.0,pole,2,113.30789947509766
9,506.0,384.0,pole,2,90.22380065917969
10,399.5,399.0,pole,2,48.22611618041992
