,x,y,category,consensus,depth
0,214.0,496.0,pole,2,15.523148536682129
1,240.16203703703707,475.0192901234568,pole,2,18.07851791381836
