,x,y,category,consensus,depth
0,710.5,389.0,pole,3,51.11616897583008
1,307.0,399.0,pole,3,44.70199203491211
