,x,y,category,consensus,depth
0,937.5,462.0,pole,3,18.232891082763672
1,802.0,414.0,pole,3,32.78678894042969
2,850.0,462.0,pole,2,19.54129409790039
3,836.5,455.0,pole,2,21.723573684692383
4,1078.0,518.0,pole,2,13.66582202911377
5,1214.5,522.0,pole,2,13.160898208618164
6,375.6467548404389,462.9268664434567,pole,2,20.549968719482422
