,x,y,category,consensus,depth
0,443.5,544.0,pole,2,12.10776138305664
1,537.0,464.0,pole,2,21.848981857299805
2,569.0,437.0,pole,2,31.127609252929688
