,x,y,category,consensus,depth
0,736.8692219349214,382.0616445237914,pole,3,63.805633544921875
1,716.3095612330438,372.1088629782046,pole,2,75.52554321289062
2,623.0,369.0,pole,1,130.06997680664062
3,497.5,375.0,pole,1,74.91353607177734
4,840.5,417.0,pole,1,35.33269500732422
