,x,y,category,consensus,depth
0,806.0,412.0,pole,3,41.63889694213867
1,771.5,413.0,pole,3,30.42962646484375
2,397.0,411.0,pole,2,27.093961715698242
3,462.5,447.0,pole,2,20.201974868774414
4,442.0,461.0,pole,2,18.79959487915039
5,440.7406043489172,411.2994824679557,pole,1,27.56020164489746
6,591.494197346223,413.2847419762027,pole,1,27.019031524658203
7,560.3747070240712,413.9563856522204,pole,1,26.57910919189453
