,x,y,category,consensus,depth
0,207.5,463.0,pole,3,24.59027671813965
1,19.5,469.0,pole,2,23.279983520507812
