,x,y,category,consensus,depth
0,1057.5,425.0,pole,3,27.118680953979492
1,1035.5,458.0,pole,2,23.860551834106445
2,1087.5,454.0,pole,2,23.835275650024414
