,x,y,category,consensus,depth
0,358.0,403.0,pole,3,29.52052879333496
1,430.0,412.0,pole,3,25.871068954467773
2,55.0,430.0,pole,2,23.519926071166992
3,147.0,426.0,pole,2,23.791351318359375
