,x,y,category,reviewed,pole_width
0,57.0,454,pole,False,4.916666666666667
1,177.0,468,pole,False,2.8181818181818183
2,151.5,469,pole,False,5.25
3,289.5,470,pole,False,3.375
