,x,y,category,consensus
0,803.2052100460714,371.3683179971538,pole,3
