,x,y,category,consensus
0,485.0,421.0,pole,3
1,339.5,426.0,pole,3
2,1261.0,564.0,pole,3
3,1100.7614883836052,393.1651533474683,pole,3
4,437.0,428.0,pole,2
5,571.0,421.0,pole,2
6,499.5,426.0,pole,2
7,536.5,423.0,pole,2
8,377.0,432.0,pole,2
9,1046.5057066315476,423.4474501393144,pole,2
