,x,y,category,consensus
0,981.5,412.0,pole,3
1,792.5,400.0,pole,2
2,718.0,424.0,pole,2
3,1041.0,414.0,pole,2
4,406.0,438.0,pole,2
5,438.0,446.0,pole,2
6,884.5,386.0,pole,2
7,777.0,414.0,pole,2
8,762.0,428.0,pole,2
9,844.0,417.0,pole,2
10,937.9941431274324,408.5586542166567,pole,2
11,963.6710072821852,409.3717899638452,pole,2
12,1028.1367884087792,413.0408379058071,pole,2
