,x,y,category,consensus
0,727.0,450.0,pole,3
1,99.5,445.0,pole,3
2,462.1592078189301,397.1890003429356,pole,3
3,593.5,400.0,pole,2
4,753.5,424.0,pole,2
5,665.0,429.0,pole,2
6,782.5,420.0,pole,2
7,705.5,430.0,pole,2
8,573.6528119476773,406.896457543794,pole,2
9,684.5498949256291,432.9093535509679,pole,2
