,x,y,category,consensus
0,777.0,403.0,pole,3
1,962.0,513.0,pole,3
2,874.5,459.0,pole,3
3,589.5,387.0,pole,3
4,541.0,371.0,pole,3
5,428.0,510.0,pole,2
6,191.5,477.0,pole,2
7,403.5,541.0,pole,2
8,734.0,477.0,pole,2
9,855.0,555.0,pole,2
10,1020.0,681.0,pole,2
11,93.0,517.0,pole,2
12,801.0,516.0,pole,2
13,514.8797982528282,360.3189554272458,pole,2
