,x,y,category,consensus
0,430.3439000342936,362.694508744856,pole,3
