,x,y,category,consensus
0,358.8452169833759,379.285767317872,pole,3
