,x,y,category,consensus
0,838.0,417.0,pole,2
1,238.5,501.0,pole,2
2,879.5723248647312,416.9944945749505,pole,2
3,257.5,489.0,pole,2
4,211.80555555555557,465.97222222222223,pole,2
5,793.0,403.0,pole,2
