,x,y,category,consensus
0,333.5,472.0,pole,3
1,850.0,461.0,pole,3
2,793.0,456.0,pole,3
3,269.5,587.0,pole,2
4,128.5,516.0,pole,2
5,365.5,480.0,pole,2
6,189.5,644.0,pole,2
7,519.4267618312758,467.85247342249664,pole,2
