,x,y,category,consensus
0,66.0,469.0,pole,3
1,362.0,427.0,pole,2
2,297.0,424.0,pole,2
3,832.5,513.0,pole,2
4,778.0,471.0,pole,2
5,769.5955504115227,464.1685956790124,pole,2
