,x,y,category,consensus
0,568.0,455.0,pole,3
1,874.5,577.0,pole,2
2,192.4187608648553,375.1990592091578,pole,2
