,x,y,category,consensus
0,530.0,432.0,pole,3
1,324.0,436.0,pole,2
2,402.0,437.0,pole,2
3,220.5,634.0,pole,2
4,114.0,704.0,pole,2
5,206.25,556.9444444444445,pole,2
6,567.4045774997227,400.0847049302022,pole,2
