,x,y,category,consensus
0,120.005108310471,466.9966230376468,pole,3
1,1153.5,503.0,pole,3
2,954.0,443.0,pole,3
3,753.5,376.0,pole,3
4,793.3063271604939,515.528549382716,pole,2
5,770.6404320987655,489.0046296296297,pole,2
