,x,y,category,consensus
0,898.0,430.0,pole,3
1,821.5,430.0,pole,2
2,833.0,434.0,pole,2
3,1219.5,515.0,pole,2
4,1085.5,509.0,pole,2
5,816.1463691700961,402.5473679698217,pole,2
