,x,y,category,consensus
0,831.5516760973937,414.60369513031554,pole,3
1,794.3780006858711,380.109203532236,pole,3
2,296.0,446.0,pole,2
3,261.0,455.0,pole,2
4,221.5,462.0,pole,2
5,178.0,473.0,pole,2
6,130.0,482.0,pole,2
7,73.5,494.0,pole,2
8,7.5,509.0,pole,2
9,268.92307527434843,446.0841049382717,pole,2
