,x,y,category,consensus
0,238.11246141975312,467.1826774691359,pole,3
1,833.7725716688287,471.142067586472,pole,3
2,817.5,500.0,pole,2
3,224.5,478.0,pole,2
4,262.0,473.0,pole,2
5,848.0,522.0,pole,2
