,x,y,category,consensus
0,333.5,409.0,pole,2
1,110.0,421.0,pole,2
2,839.5833333333333,383.3333333333333,pole,2
