,x,y,category,consensus
0,69.5,494.0,pole,3
1,632.5,620.0,pole,3
2,1276.0,432.0,pole,2
3,577.0594476654188,508.7425861030141,pole,2
