,x,y,category,consensus
0,451.18199636107306,363.9689816005564,pole,2
