,x,y,category,consensus
0,141.5,373.0,pole,2
1,177.5,385.0,pole,2
2,197.5,390.0,pole,2
3,254.0,400.0,pole,2
4,221.0,395.0,pole,2
5,113.8653120713306,363.0294067215364,pole,2
6,130.94510888203018,370.7320601851852,pole,2
7,121.90286351165982,366.7132844650206,pole,2
8,135.29878257887518,364.0341006515776,pole,2
9,156.5,377.0,pole,2
