,x,y,category,consensus
0,793.37330675583,464.8383916323732,pole,3
1,110.51633230452676,457.8055341220851,pole,3
2,129.0,438.0,pole,3
3,983.5,478.0,pole,3
4,927.0,448.0,pole,3
5,221.5,462.0,pole,3
6,773.5,454.0,pole,2
7,49.5,455.0,pole,2
8,79.5,451.0,pole,2
9,267.68581330494595,454.205380872771,pole,2
10,247.4523938805061,460.94985401425095,pole,2
