,x,y,category,consensus
0,393.5,441.0,pole,3
1,293.0,466.0,pole,3
2,1242.361111111111,439.5833333333333,pole,3
3,344.0,470.0,pole,2
4,25.0,487.0,pole,2
5,214.0,482.0,pole,2
6,53.5,470.0,pole,2
7,463.1639017489712,442.7351251714678,pole,2
