,x,y,category,consensus
0,213.5,358.0,pole,2
1,338.6190653101662,328.6186396176269,pole,2
