,x,y,category,consensus
0,33.5,492.0,pole,3
1,558.0,417.0,pole,2
2,541.5,414.0,pole,2
3,582.6818607697717,429.5039094976836,pole,2
