,x,y,category,consensus
0,1086.4090363511662,367.7179783950618,pole,3
1,564.4426315300641,422.5761275196236,pole,3
2,236.7862654320988,482.2530864197531,pole,3
3,206.0,548.0,pole,3
4,1011.5,459.0,pole,3
