,x,y,category,consensus
0,1041.0,687.0,pole,3
1,132.0,368.0,pole,2
2,284.5,394.0,pole,2
3,159.54167500190522,365.5969578760861,pole,2
4,115.53980195473252,369.3924682784637,pole,2
