,x,y,category,consensus
0,6.0,392.0,pole,3
1,333.5,423.0,pole,3
2,431.6834919410151,416.61308299039786,pole,2
