,x,y,category,consensus
0,38.5,471.0,pole,3
1,778.0,439.0,pole,3
2,742.0,411.0,pole,3
3,700.0,401.0,pole,3
4,690.0,413.0,pole,2
5,223.03920997087693,437.35711846570223,pole,2
