,x,y,category,consensus
0,817.0,448.0,pole,3
1,708.0,402.0,pole,3
2,35.16428755144033,446.7539008916325,pole,2
