,x,y,category,consensus
0,158.5,450.0,pole,3
1,473.5,499.0,pole,3
2,317.5,431.0,pole,3
3,665.5,497.0,pole,3
4,569.0,396.0,pole,2
5,697.936686123495,385.8303773005259,pole,2
