,x,y,category,consensus
0,857.0,394.0,pole,3
1,977.0,423.0,pole,3
2,798.5,389.0,pole,3
3,1005.0,426.0,pole,3
4,1251.0,393.0,pole,3
5,1275.0,394.0,pole,3
6,675.0,447.0,pole,2
7,829.5,433.0,pole,2
8,733.5,454.0,pole,2
9,1058.0,426.0,pole,2
10,754.0,411.0,pole,2
11,1069.5,425.0,pole,2
12,776.5,406.0,pole,2
13,945.5,420.0,pole,2
14,745.8333333333333,427.77777777777777,pole,2
15,961.8055555555557,421.52777777777777,pole,2
