,x,y,category,consensus
0,354.50475444321137,417.00741502158166,pole,3
1,373.5,419.0,pole,2
2,719.7980818234645,423.0412635983464,pole,2
