,x,y,category,consensus
0,208.0,430.0,pole,3
1,462.5,322.0,pole,3
2,419.0,348.0,pole,3
3,13.0,524.0,pole,2
4,97.0,493.0,pole,2
5,489.5234217391224,325.11073835725944,pole,2
