,x,y,category,consensus
0,144.9420310855866,432.5138358338999,pole,3
1,1006.5,539.0,pole,3
2,224.5,410.0,pole,3
3,317.5,396.0,pole,2
4,282.0,397.0,pole,2
5,653.5,444.0,pole,2
6,685.5,421.0,pole,2
7,85.0,440.0,pole,2
8,832.0,510.0,pole,2
9,17.5,461.0,pole,2
10,55.39641493121709,448.3394981022117,pole,2
11,177.5,414.0,pole,2
