,x,y,category,consensus
0,830.7330365988417,404.4358204494361,pole,3
1,819.5,399.0,pole,2
2,790.0,401.0,pole,2
3,767.2419618531856,397.4587792685948,pole,2
