,x,y,category,consensus
0,1122.0,507.0,pole,3
1,813.0,479.0,pole,2
2,798.0,469.0,pole,2
3,662.9804177628167,360.4804610101357,pole,2
