,x,y,category,consensus
0,762.5626929012346,398.1936942729767,pole,3
