,x,y,category,consensus
0,53.04783950617284,471.1612654320988,pole,3
1,790.0,423.0,pole,3
2,459.0,433.0,pole,3
