,x,y,category,consensus
0,1183.0,674.0,pole,3
1,1266.0,652.0,pole,3
2,747.1999013092226,418.3530845852693,pole,3
3,952.0,587.0,pole,2
4,910.0,558.0,pole,2
5,17.5,563.0,pole,2
