,x,y,category,consensus
0,774.5,429.0,pole,3
1,932.0,550.0,pole,2
2,876.5,520.0,pole,2
3,1006.0,594.0,pole,2
4,702.8016380440944,420.6715729333951,pole,2
5,690.9410718006213,413.8580561552297,pole,2
6,696.9975311589905,416.8862858344143,pole,2
7,682.1087352363328,410.5774740027797,pole,2
8,677.5663907175559,408.0539492701259,pole,2
