,x,y,category,consensus
0,228.0,641.0,pole,2
1,304.5,593.0,pole,2
2,359.0,558.0,pole,2
3,515.0730881344308,411.2547153635117,pole,2
4,536.5344668066988,439.0884583142814,pole,2
5,547.9303007354063,431.413713015356,pole,2
