,x,y,category,consensus
0,801.0759602194788,408.24063357338827,pole,3
1,140.5,449.0,pole,3
2,477.5,414.0,pole,3
3,234.0,547.0,pole,3
4,1242.0,518.0,pole,2
5,1076.5,567.0,pole,2
6,196.5,627.0,pole,2
