,x,y,category,consensus
0,285.5,490.0,pole,3
1,92.0,530.0,pole,2
2,259.0,516.0,pole,2
3,595.1260483350592,415.4240514627775,pole,2
