,x,y,category,consensus
0,9.0,440.0,pole,3
1,262.5,452.0,pole,3
2,478.0,395.0,pole,3
3,693.5,375.0,pole,3
4,537.5,382.0,pole,2
5,635.7764300564658,368.7158700056468,pole,2
