,x,y,category,consensus
0,262.33674839963425,413.27340594516846,pole,3
