,x,y,category,consensus
0,731.8916198702561,381.1790165132984,pole,3
1,697.0,381.0,pole,2
2,349.5,460.0,pole,2
