,x,y,category,consensus
0,489.5,377.0,pole,2
1,418.5,378.0,pole,2
2,84.0,395.0,pole,2
3,283.0825617283951,385.32021604938274,pole,2
