,x,y,category,consensus
0,802.5,441.0,pole,2
1,792.5,436.0,pole,2
2,386.1598486896211,439.6181966261601,pole,2
