,x,y,category,consensus
0,188.5,466.0,pole,3
1,28.25701678240741,543.162655928498,pole,3
2,833.5,438.0,pole,2
3,770.0,414.0,pole,2
4,350.0,447.0,pole,2
5,337.0,454.0,pole,2
