,x,y,category,consensus
0,725.5,376.0,pole,2
1,752.0,375.0,pole,2
2,870.6160327655748,376.60101739396544,pole,2
