,x,y,category,consensus
0,747.6806074576593,334.478684770606,pole,3
1,1249.0354938271605,550.2507716049383,pole,3
2,354.0,409.0,pole,3
3,469.5,355.0,pole,3
4,210.0,470.0,pole,2
5,118.5,486.0,pole,2
6,519.5569999333181,337.6887931527207,pole,2
7,280.3096064814815,456.4659422153636,pole,2
8,312.124914266118,439.386145404664,pole,2
9,4.5,498.0,pole,2
