,x,y,category,consensus
0,1208.0,415.0,pole,3
1,693.0,391.0,pole,3
2,774.0,445.0,pole,3
3,29.5,431.0,pole,3
4,534.5,379.0,pole,3
5,489.5,366.0,pole,3
6,105.5,497.0,pole,2
7,678.0,454.0,pole,2
8,1194.5,690.0,pole,2
9,644.5,438.0,pole,2
10,704.541618441358,469.4432388117284,pole,2
11,268.13271604938274,436.43904320987656,pole,2
12,443.1905864197531,460.06944444444446,pole,2
13,192.4189814814815,468.26774691358025,pole,2
14,230.03472222222223,455.7291666666667,pole,2
15,760.0,503.0,pole,2
