,x,y,category,consensus
0,761.5,422.0,pole,3
1,187.0,526.0,pole,2
2,1018.0,522.0,pole,2
3,937.0,516.0,pole,2
4,1123.5,526.0,pole,2
5,94.0,534.0,pole,2
6,264.0,518.0,pole,2
7,304.0,510.0,pole,2
8,775.95861196845,425.99022633744863,pole,2
