,x,y,category,consensus
0,1002.0,596.0,pole,3
1,329.5,416.0,pole,3
2,689.5,400.0,pole,3
3,677.8335048010974,399.1983882030179,pole,2
4,360.2478929707744,432.1114171334401,pole,2
5,500.66730695852186,402.7545473315529,pole,2
