,x,y,category,consensus
0,968.0,482.0,pole,3
1,821.5,420.0,pole,2
2,795.5,406.0,pole,2
3,841.5,459.0,pole,2
4,857.5,467.0,pole,2
5,352.57314767184886,470.4851436280674,pole,2
