,x,y,category,consensus
0,812.7973894032923,408.24063357338827,pole,3
1,1002.0,482.0,pole,3
2,917.5,447.0,pole,2
3,885.0,435.0,pole,2
4,986.0,450.0,pole,2
5,893.5,438.0,pole,2
6,1077.5,470.0,pole,2
7,905.2292309670784,444.0747170781893,pole,2
