,x,y,category,consensus
0,1171.0,677.0,pole,3
1,577.5,410.0,pole,2
2,865.0,453.0,pole,2
3,595.5825617283951,398.8233024691359,pole,2
4,821.2770061728396,435.9567901234568,pole,2
5,587.8665123456791,406.5393518518519,pole,2
6,57.5,635.0,pole,2
