,x,y,category,consensus
0,386.9932174973328,442.3444108653407,pole,2
