,x,y,category,consensus
0,855.0,452.0,pole,3
1,633.6269718792868,377.4300197187929,pole,2
