,x,y,category,consensus
0,649.5,395.0,pole,3
1,778.0,401.0,pole,3
2,185.5,438.0,pole,3
3,843.5,388.0,pole,3
4,766.0,402.0,pole,3
5,1185.5,403.0,pole,3
6,385.13267318244175,415.6083890603567,pole,3
7,904.2159347035584,419.75558998743134,pole,2
8,1063.107869347621,380.4839075385802,pole,2
