,x,y,category,consensus
0,654.20976735866,378.7530232076453,pole,3
