,x,y,category,consensus
0,489.0,412.0,pole,3
1,550.0,386.0,pole,3
2,78.0,511.0,pole,2
3,849.0,458.0,pole,2
4,354.45601851851853,471.6435185185185,pole,2
5,370.8526234567901,464.891975308642,pole,2
6,861.711407732382,467.6844882131898,pole,2
