,x,y,category,consensus
0,666.540000809709,384.667537103719,pole,3
1,27.5,719.0,pole,3
