,x,y,category,consensus
0,490.97222222222223,415.97222222222223,pole,3
1,781.5,420.0,pole,3
2,509.0,451.0,pole,2
3,521.5,443.0,pole,2
4,141.0,702.0,pole,2
