,x,y,category,consensus
0,935.3700488683128,451.7773705418382,pole,3
1,452.5,490.0,pole,2
2,241.5,499.0,pole,2
3,390.0,493.0,pole,2
4,321.5,496.0,pole,2
5,151.5,502.0,pole,2
6,514.0817901234568,466.33873456790127,pole,2
7,550.0,451.0,pole,2
