,x,y,category,consensus
0,962.0,426.0,pole,3
1,826.0,424.0,pole,3
2,803.5,423.0,pole,3
3,718.0,391.0,pole,3
4,758.0,428.0,pole,2
5,690.8249356291141,380.1153444323146,pole,2
