,x,y,category,consensus
0,959.14780521262,418.2875728737998,pole,3
1,286.3377700617284,431.3485939643347,pole,2
