,x,y,category,consensus
0,381.6441525920211,415.8316543781437,pole,3
1,755.5298353909466,413.5990012002744,pole,3
2,938.5,447.0,pole,3
3,1115.0,614.0,pole,3
4,725.0,416.0,pole,2
5,775.5,450.0,pole,2
