,x,y,category,consensus
0,829.0,463.0,pole,3
1,1057.5,462.0,pole,3
2,710.0,440.0,pole,3
3,573.5,411.0,pole,3
4,275.5,443.0,pole,3
5,677.5,442.0,pole,2
6,665.0,443.0,pole,2
7,268.27871824479934,393.5577016392144,pole,2
8,248.0,471.0,pole,2
