,x,y,category,consensus
0,878.5,488.0,pole,3
1,650.0,404.0,pole,3
2,33.9161724068676,399.7263176523682,pole,2
