,x,y,category,consensus
0,454.23790272573336,407.61488523152417,pole,3
1,567.1115573961658,400.02053415476337,pole,3
2,964.6922272709954,409.55231731538646,pole,3
3,361.5,415.0,pole,3
4,677.5,409.0,pole,3
5,1001.5,382.0,pole,3
6,649.0,408.0,pole,2
7,179.43270259061862,440.1027133748297,pole,2
8,542.3981354984053,402.3037018208511,pole,2
9,157.95246006626914,441.5562636208383,pole,2
