,x,y,category,consensus
0,1113.0477047092988,420.1006644059152,pole,3
1,201.17135404759188,456.5310612663848,pole,3
2,124.42390105833717,461.4149900929737,pole,3
3,1059.5,427.0,pole,3
4,372.5,470.0,pole,2
5,178.5,494.0,pole,2
6,299.5,450.0,pole,2
7,601.0,470.0,pole,2
8,570.5,495.0,pole,2
9,494.0,470.0,pole,2
10,412.0,502.0,pole,2
11,258.38309173049083,474.9039363759336,pole,2
12,219.31166111777927,457.4613334238303,pole,2
