,x,y,category,consensus
0,713.0,399.0,pole,3
1,787.5192901234568,448.0131172839506,pole,3
2,687.7123478430625,383.26322489989,pole,3
