,x,y,category,consensus
0,742.5,415.0,pole,3
1,723.0,418.0,pole,3
2,922.5,529.0,pole,3
3,29.0,519.0,pole,3
4,90.52710932141632,461.5312741126544,pole,3
5,440.6074183213605,422.1856877729875,pole,2
6,700.1267018274813,414.2618201124543,pole,2
