,x,y,category,consensus
0,356.0,490.0,pole,3
1,1189.5,439.0,pole,3
2,483.5,667.0,pole,2
3,393.0,705.0,pole,2
4,565.0,632.0,pole,2
5,876.7815083923946,527.2317452322436,pole,2
6,756.0,565.0,pole,2
7,848.6407756296678,538.3950111215897,pole,2
8,812.0,548.0,pole,2
9,697.0,582.0,pole,2
10,642.0,600.0,pole,2
