,x,y,category,consensus
0,189.0,470.0,pole,3
1,514.0,378.0,pole,3
2,450.5,395.0,pole,3
3,423.95215508584505,415.0693480269035,pole,2
4,726.0468137750951,418.88177260968325,pole,2
5,418.0,418.0,pole,2
6,722.4647141696676,417.7623664829872,pole,2
7,549.8304756042653,369.3831233018695,pole,2
8,476.0,374.0,pole,2
