,x,y,category,consensus
0,141.66184413580245,507.11926118827154,pole,3
1,385.5,434.0,pole,2
2,372.68164294868166,439.0937696333083,pole,2
