,x,y,category,consensus
0,1061.0,515.0,pole,3
1,789.5,410.0,pole,3
2,909.5,458.0,pole,2
3,836.5,430.0,pole,2
4,902.2151491769548,431.6834919410151,pole,2
5,739.7852949593213,410.2690432021221,pole,2
