,x,y,category,consensus
0,724.5,425.0,pole,3
1,542.0,391.0,pole,3
2,409.5,380.0,pole,3
3,69.99367712620028,370.3971622085048,pole,2
