,x,y,category,consensus
0,393.4275999196642,416.8459094386918,pole,3
1,1101.4660493827162,546.875,pole,3
2,613.0,450.0,pole,3
3,1162.5,491.0,pole,2
