,x,y,category,consensus
0,358.5,467.0,pole,3
1,866.0,456.0,pole,3
2,810.0,453.0,pole,3
3,285.0,476.0,pole,2
4,163.5,511.0,pole,2
5,227.0,626.0,pole,2
6,304.0,575.0,pole,2
7,540.5,462.0,pole,2
8,580.7223942853606,459.08930969936,pole,2
9,392.0717592592593,476.4660493827161,pole,2
