,x,y,category,consensus
0,804.5400611657665,352.4859346570883,pole,3
1,1118.0,419.0,pole,3
2,49.0,649.0,pole,2
3,601.0,387.0,pole,2
4,1083.096815255028,353.0411100982722,pole,2
5,1204.1666666666663,413.19444444444446,pole,2
