,x,y,category,consensus
0,713.0536086819845,407.6917730004954,pole,3
1,849.5,472.0,pole,3
2,897.5,469.0,pole,3
3,428.8554645823808,414.4362461419754,pole,3
4,731.5,407.0,pole,2
5,280.0,463.0,pole,2
6,301.0,459.0,pole,2
7,811.0,442.0,pole,2
8,254.0,473.0,pole,2
9,228.5,480.0,pole,2
10,436.2976418419449,412.80826986644576,pole,2
