,x,y,category,consensus
0,896.084655659389,446.9957716525683,pole,3
1,818.5,440.0,pole,2
2,809.0,435.0,pole,2
3,780.7309081361456,396.9936431898721,pole,2
4,801.4294636393082,406.9940688824113,pole,2
