,x,y,category,consensus
0,41.0,477.0,pole,3
1,678.0,438.0,pole,3
2,134.0,436.0,pole,3
3,436.0650738025835,397.9239153473175,pole,3
4,1159.0,612.0,pole,2
5,626.5,424.0,pole,2
6,34.88520590420668,397.2262112292334,pole,2
7,379.5510402377687,397.2262112292334,pole,2
8,663.2840482586497,421.18071928345535,pole,2
