,x,y,category,consensus
0,769.5,425.0,pole,2
1,857.0,538.0,pole,2
2,757.0,458.0,pole,2
3,887.0,562.0,pole,2
4,921.0,589.0,pole,2
5,970.0,642.0,pole,2
6,815.0,506.0,pole,2
7,1218.0,635.0,pole,2
8,798.5,494.0,pole,2
9,834.0,521.0,pole,2
10,902.0,485.0,pole,2
11,551.7030711517131,359.67293309568646,pole,2
