,x,y,category,consensus
0,940.3935185185186,494.7916666666667,pole,3
