,x,y,category,consensus
0,1183.449074074074,391.1072530864198,pole,3
1,1236.9791666666667,380.97993827160496,pole,3
2,53.0,528.0,pole,3
