,x,y,category,consensus
0,685.389317388783,395.4643647705529,pole,3
1,519.5569999333181,406.9940688824113,pole,3
2,924.9614197530864,461.033950617284,pole,3
