,x,y,category,consensus
0,28.452932098765437,429.68750000000006,pole,3
