,x,y,category,consensus
0,479.2390046296297,399.5332861796983,pole,3
1,288.3873456790124,442.2260802469136,pole,2
2,596.1183984910838,396.5192043895748,pole,2
3,280.0,449.0,pole,2
