,x,y,category,consensus
0,413.5,424.0,pole,2
1,369.5,430.0,pole,2
2,446.5,439.0,pole,2
3,347.5,443.0,pole,2
4,397.0,428.0,pole,2
5,492.5,462.0,pole,2
6,284.7727562890618,456.5126339280037,pole,2
