,x,y,category,consensus
0,806.0,431.0,pole,3
1,781.0,422.0,pole,3
2,693.2388117283951,403.8869598765432,pole,2
