,x,y,category,consensus
0,461.8801261716965,392.8074184813672,pole,3
1,710.0,434.0,pole,3
2,490.0,400.0,pole,3
