,x,y,category,consensus
0,329.5,562.0,pole,3
1,189.5,458.0,pole,3
2,343.84645061728395,532.4074074074074,pole,2
3,354.45601851851853,507.81250000000006,pole,2
