,x,y,category,consensus
0,857.5,409.0,pole,3
1,746.7070253848763,374.5857025033043,pole,2
2,721.5155892516132,372.6689627975125,pole,2
