,x,y,category,consensus
0,1197.5,618.0,pole,3
1,872.0,482.0,pole,3
2,514.4405030673679,505.8354856109969,pole,2
