,x,y,category,consensus
0,493.5,400.0,pole,3
1,603.2986111111112,397.37654320987656,pole,2
2,334.5630787037037,435.03247170781896,pole,2
3,238.5,433.0,pole,2
4,327.5302211934157,437.04185956790127,pole,2
