,x,y,category,consensus
0,605.5,493.0,pole,3
1,238.0,428.0,pole,3
2,37.0,527.0,pole,3
3,55.5,467.0,pole,3
4,741.6639189269636,413.6057036819644,pole,3
5,123.0,505.0,pole,2
6,203.0,493.0,pole,2
7,278.2600308641976,472.6080246913581,pole,2
8,230.03472222222223,486.5933641975309,pole,2
9,253.1828703703704,482.73533950617286,pole,2
10,616.9448664158951,459.9614398469651,pole,2
