,x,y,category,consensus
0,1149.034957990398,412.9292052469136,pole,3
1,201.0,609.0,pole,3
2,773.5,566.0,pole,3
3,1165.0,419.0,pole,2
4,1171.808020404664,417.9526748971194,pole,2
