,x,y,category,consensus
0,710.9884044924555,397.523898319616,pole,3
1,48.66486223636832,467.2873330868485,pole,3
2,1028.0,476.0,pole,3
3,344.0,426.0,pole,3
4,402.5,403.0,pole,3
5,775.0,426.0,pole,3
6,740.5,430.0,pole,2
7,820.0,482.0,pole,2
