,x,y,category,consensus
0,731.7520790466393,383.45818329903983,pole,2
