,x,y,category,consensus
0,672.0,409.0,pole,3
1,919.5,447.0,pole,3
2,893.0,444.0,pole,2
3,226.0,446.0,pole,2
4,205.5,448.0,pole,2
5,158.0,455.0,pole,2
6,37.5,474.0,pole,2
7,184.5,451.0,pole,2
8,373.5,419.0,pole,2
9,73.02636435947265,468.6245993131764,pole,2
10,361.5,421.0,pole,2
11,385.5,418.0,pole,2
12,397.0,415.0,pole,2
13,133.95919067215365,457.6939014631917,pole,2
14,105.1207537913428,462.3452622504192,pole,2
15,0.5,480.0,pole,2
