,x,y,category,consensus
0,278.6165111549307,372.341431017566,pole,3
