,x,y,category,consensus
0,225.5,503.0,pole,3
1,389.0,394.0,pole,3
2,1005.0,468.0,pole,3
3,421.5,400.0,pole,2
4,584.5,394.0,pole,2
5,469.5,398.0,pole,2
6,553.5,395.0,pole,2
7,525.4549254115227,396.5192043895748,pole,2
8,508.7100265775034,393.17022462277095,pole,2
