,x,y,category,consensus
0,402.5,406.0,pole,3
1,375.5,405.0,pole,3
2,474.0,388.0,pole,2
3,450.0,393.0,pole,2
4,530.2228286273636,354.02023769454183,pole,2
5,482.8112497142205,361.4107331675812,pole,2
