,x,y,category,consensus
0,1065.5,585.0,pole,3
1,813.1322873799727,462.4941057956105,pole,3
