,x,y,category,consensus
0,48.0,709.0,pole,3
1,981.2045580656531,391.64457828456034,pole,2
