,x,y,category,consensus
0,241.5,493.0,pole,3
1,313.5,462.0,pole,3
2,1113.0,537.0,pole,3
3,957.0,531.0,pole,3
4,613.0,511.0,pole,3
5,760.0,505.0,pole,3
6,698.0,486.0,pole,3
7,785.0,487.0,pole,2
8,235.9643487808644,483.0184058595239,pole,2
9,453.5,480.0,pole,2
10,571.5,486.0,pole,2
