,x,y,category,consensus
0,495.83505991845766,396.9936431898721,pole,3
1,382.5,438.0,pole,3
2,1038.5,600.0,pole,2
3,1107.5,641.0,pole,2
