,x,y,category,consensus
0,729.5,404.0,pole,3
1,809.0,427.0,pole,3
2,91.57366549854254,414.43624614197535,pole,3
3,311.92923364063046,392.7414007390759,pole,3
