,x,y,category,consensus
0,314.0,378.0,pole,3
1,813.5,404.0,pole,3
2,865.5,406.0,pole,3
3,663.2840482586497,357.4570764984378,pole,2
4,422.0,356.0,pole,2
5,456.2532716638143,356.3216922507222,pole,2
6,697.5,362.0,pole,2
