,x,y,category,consensus
0,773.9492241083677,389.4863468792867,pole,3
1,80.0,583.0,pole,2
2,503.4782331190613,396.0531872081721,pole,2
