,x,y,category,consensus
0,306.5,386.0,pole,3
1,228.5,391.0,pole,2
2,83.25935809137329,397.2262112292334,pole,2
3,174.65859756039478,397.69134730795616,pole,2
4,197.21769737844843,396.5285071111493,pole,2
5,593.0,386.0,pole,2
