,x,y,category,consensus
0,372.74144804526753,579.3734996570645,pole,3
1,926.0,497.0,pole,3
2,782.0,421.0,pole,3
3,741.5,407.0,pole,3
4,93.9962492418902,374.3699411386624,pole,2
