,x,y,category,consensus
0,665.3771606129021,371.8762949388432,pole,3
1,641.1900845193188,378.6207680803232,pole,3
2,613.9796239140376,388.8537618122238,pole,3
3,989.5,493.0,pole,3
4,1022.0,453.0,pole,3
5,555.0,405.0,pole,3
6,376.6396604938272,458.6226851851852,pole,2
7,201.0,463.0,pole,2
