,x,y,category,consensus
0,825.5,416.0,pole,3
1,406.0,381.0,pole,3
2,377.0,406.0,pole,3
3,1116.0,506.0,pole,3
4,424.31573645404666,402.2124699931413,pole,2
