,x,y,category,consensus
0,665.0,395.0,pole,2
1,545.5,430.0,pole,2
2,519.5,460.0,pole,2
3,563.2716049382716,412.8086419753087,pole,2
