,x,y,category,consensus
0,189.0,377.0,pole,3
1,32.5,399.0,pole,3
2,1010.0,533.0,pole,3
3,1139.0,545.0,pole,3
4,48.3741521871666,385.8303773005259,pole,2
