,x,y,category,consensus
0,283.733008020881,461.8801261716965,pole,3
1,269.0,480.0,pole,2
2,138.0,492.0,pole,2
3,25.0,484.0,pole,2
4,514.3434090513209,403.7639572246144,pole,2
