,x,y,category,consensus
0,644.1424358501579,412.3937735055439,pole,3
1,570.0,542.0,pole,3
2,361.5,441.0,pole,3
3,954.5,473.0,pole,2
4,1150.5,509.0,pole,2
5,1239.0,524.0,pole,2
6,908.5,463.0,pole,2
7,869.0,456.0,pole,2
8,832.3610128743715,450.48429224298894,pole,2
9,800.2666234425013,443.9723871408704,pole,2
10,1011.0,485.0,pole,2
11,1075.0,499.0,pole,2
12,899.1080401710868,465.13607872275577,pole,2
