,x,y,category,consensus
0,203.0,428.0,pole,3
1,146.0,393.0,pole,3
2,776.0,427.0,pole,3
3,88.60375727984594,397.37102790189135,pole,3
4,784.4326160959807,413.7773033637848,pole,2
5,302.07797496570646,409.5802254801098,pole,2
6,327.80586277173376,359.0975694566414,pole,2
7,235.4751398533951,377.60005279645935,pole,2
