,x,y,category,consensus
0,227.7306241426612,448.7632887517148,pole,2
