,x,y,category,consensus
0,75.5,503.0,pole,3
1,4.5,470.0,pole,3
2,304.5,413.0,pole,3
3,852.5,509.0,pole,3
4,281.5,400.0,pole,3
5,1165.0,540.0,pole,3
6,1037.5,485.0,pole,3
7,819.5,487.0,pole,2
8,155.5,491.0,pole,2
9,118.0,502.0,pole,2
10,842.9382073045268,498.663087277092,pole,2
