,x,y,category,consensus
0,906.635802469136,401.71682098765433,pole,3
1,851.0,431.0,pole,3
2,163.0,605.0,pole,2
3,658.0,489.0,pole,2
4,585.0,506.0,pole,2
5,485.0,529.0,pole,2
6,348.0,562.0,pole,2
7,715.0,477.0,pole,2
