,x,y,category,consensus
0,808.3045073184807,390.0819405389629,pole,3
1,764.4611006895499,418.999932145279,pole,2
2,570.310846064843,363.1253640295297,pole,2
