,x,y,category,consensus
0,1189.0,631.0,pole,3
1,785.5,418.0,pole,3
2,886.0,467.0,pole,2
3,903.0,476.0,pole,2
4,925.0,486.0,pole,2
5,949.0,500.0,pole,2
6,1077.0,503.0,pole,2
7,708.3092206790125,392.83532664609055,pole,2
