,x,y,category,consensus
0,686.0,382.0,pole,3
1,165.5,416.0,pole,3
2,93.51173249322068,396.9807227432408,pole,3
3,159.72902147805743,390.1974882618673,pole,2
4,101.91002280349264,389.0669491816384,pole,2
