,x,y,category,consensus
0,183.0,472.0,pole,3
1,993.0,451.0,pole,3
2,677.0,391.0,pole,3
3,1078.0,492.0,pole,3
4,54.0,468.0,pole,3
5,302.0,383.0,pole,3
6,336.5,396.0,pole,3
7,89.5,444.0,pole,3
8,838.5,473.0,pole,3
9,812.0,458.0,pole,2
10,212.0,469.0,pole,2
11,239.5,460.0,pole,2
12,830.4398148148149,463.9274691358025,pole,2
13,353.6439521177396,379.2296889904799,pole,2
14,30.140817901234563,456.6333912037037,pole,2
15,541.5,375.0,pole,2
16,578.5090862765483,368.956259359037,pole,2
