,x,y,category,consensus
0,937.0,386.0,pole,3
1,589.5,370.0,pole,3
2,1031.539351851852,408.9506172839506,pole,3
3,501.6454620269996,372.6609562605992,pole,2
4,810.1851851851852,367.9591049382717,pole,2
5,378.4797624549772,388.9256095573931,pole,2
6,472.7353130535209,375.32171565657234,pole,2
7,575.8664438263075,368.9683202958976,pole,2
