,x,y,category,consensus
0,817.5,431.0,pole,3
1,734.4312628600824,425.99022633744863,pole,2
2,728.7379972565159,422.97614454732513,pole,2
