,x,y,category,consensus
0,687.5,501.0,pole,2
1,673.0,511.0,pole,2
2,761.5,451.0,pole,2
3,750.0,459.0,pole,2
4,736.0,469.0,pole,2
5,382.4266975308642,435.47453703703707,pole,2
