,x,y,category,consensus
0,1092.5,432.0,pole,3
1,529.5,397.0,pole,2
2,494.0,394.0,pole,2
3,438.04655349794245,392.5004286694102,pole,2
