,x,y,category,consensus
0,822.0,455.0,pole,3
1,1107.5076088820304,583.3922753772291,pole,2
