,x,y,category,consensus
0,853.9898405349795,363.5038455218336,pole,2
