,x,y,category,consensus
0,196.0,486.0,pole,3
1,867.5,406.0,pole,3
2,858.0,480.0,pole,2
3,389.5,433.0,pole,2
4,849.5,474.0,pole,2
5,411.3547196204371,424.8000593960168,pole,2
6,569.0,362.0,pole,2
7,549.5,366.0,pole,2
