,x,y,category,consensus
0,134.0,470.0,pole,3
1,673.5,516.0,pole,3
2,32.443241490912214,523.2780885631003,pole,2
