,x,y,category,consensus
0,737.4453446502058,388.816550925926,pole,3
1,775.95861196845,388.4816529492456,pole,3
2,703.9834551468908,368.38777434842257,pole,2
