,x,y,category,consensus
0,1085.5,507.0,pole,3
1,788.0,496.0,pole,3
2,1213.5,511.0,pole,3
3,915.5,486.0,pole,3
4,479.78786520252254,461.1824220536124,pole,3
