,x,y,category,consensus
0,709.5,383.0,pole,3
1,857.5,438.0,pole,3
2,1108.0,574.0,pole,3
3,669.5,352.0,pole,2
4,760.7300567510671,432.8091212515242,pole,2
