,x,y,category,consensus
0,845.5,338.0,pole,3
1,766.0,328.0,pole,2
2,797.1814630453479,334.36702707663375,pole,2
3,829.9872845698478,333.6099696568376,pole,2
