,x,y,category,consensus
0,792.4578658298399,377.89144861481526,pole,3
1,176.0,467.0,pole,3
2,596.5,368.0,pole,3
3,478.0,385.0,pole,3
4,687.2800564477147,363.5465197949988,pole,2
