,x,y,category,consensus
0,689.5642367064854,365.5969578760861,pole,3
1,915.5,487.0,pole,2
2,730.0,399.0,pole,2
3,778.5,434.0,pole,2
4,860.5,470.0,pole,2
5,789.0,442.0,pole,2
6,765.5,424.0,pole,2
7,818.0,457.0,pole,2
8,750.5,414.0,pole,2
9,741.5,409.0,pole,2
10,998.0,506.0,pole,2
11,770.7304824436063,402.1101400558224,pole,2
