,x,y,category,consensus
0,273.0,479.0,pole,3
1,401.0,419.0,pole,3
2,805.5,420.0,pole,3
3,437.0,427.0,pole,2
4,767.4879886911212,403.7639572246144,pole,2
5,747.9727307585982,404.4368971533221,pole,2
6,788.9099097549828,418.7929489657528,pole,2
7,784.3114869088135,420.1388288231682,pole,2
8,414.9078424440137,415.3923591926832,pole,2
