,x,y,category,consensus
0,315.0,442.0,pole,3
1,877.7006172839507,445.6018518518519,pole,3
2,756.6550925925926,400.7523148148149,pole,3
3,399.5,405.0,pole,2
4,1088.5,582.0,pole,2
5,835.5,453.0,pole,2
6,119.0,551.0,pole,2
7,438.7163494513032,401.8775720164609,pole,2
8,512.728802297668,401.2077760631002,pole,2
9,702.2810570987655,392.5004286694102,pole,2
10,742.5,391.0,pole,2
