,x,y,category,consensus
0,824.0,426.0,pole,3
1,873.0,443.0,pole,3
2,708.8480033035329,401.01836231548697,pole,2
