,x,y,category,consensus
0,848.8953869943257,428.451917020721,pole,2
