,x,y,category,consensus
0,738.1709569330134,341.8750178612255,pole,3
1,978.5,474.0,pole,3
2,503.0,363.0,pole,3
3,94.5,554.0,pole,2
4,876.5,550.0,pole,2
5,907.5,574.0,pole,2
6,1080.0,715.0,pole,2
7,146.0,532.0,pole,2
8,35.5,578.0,pole,2
9,1002.5,653.0,pole,2
10,952.0,607.0,pole,2
11,430.5,404.0,pole,2
