,x,y,category,consensus
0,547.6048669858833,405.2780720642068,pole,3
1,525.1454968652641,402.7545473315529,pole,3
2,460.5,391.0,pole,3
3,514.0,401.0,pole,2
