,x,y,category,consensus
0,996.0,451.0,pole,3
1,805.5,417.0,pole,2
2,923.0,434.0,pole,2
3,957.0,433.0,pole,2
4,877.0,438.0,pole,2
5,845.5,418.0,pole,2
6,943.7692901234568,437.4035493827161,pole,2
