,x,y,category,consensus
0,753.0,434.0,pole,3
1,17.5,667.0,pole,2
2,737.111480309256,411.6777307862168,pole,2
