,x,y,category,consensus
0,1015.0,434.0,pole,3
1,607.0,470.0,pole,2
2,556.5,474.0,pole,2
3,357.5,482.0,pole,2
4,433.0,478.0,pole,2
5,681.5,434.0,pole,2
6,502.0833333333333,476.38888888888886,pole,2
7,655.3819444444445,454.28240740740745,pole,2
