,x,y,category,consensus
0,953.0,467.0,pole,3
1,678.1684027777779,373.0391351356501,pole,2
