,x,y,category,consensus
0,402.0,419.0,pole,3
1,58.0,510.0,pole,3
2,893.6752507716049,504.1051793981481,pole,3
3,690.688719327356,390.89398108807984,pole,3
4,1124.0,675.0,pole,2
5,1250.5,719.0,pole,2
