,x,y,category,consensus
0,856.4814814814815,422.45370370370375,pole,3
1,940.0,434.0,pole,3
2,842.5,424.0,pole,3
