,x,y,category,consensus
0,737.2222062851845,363.0015970591739,pole,3
1,805.0,381.0,pole,3
2,533.0805801912757,375.27616690932217,pole,2
3,1023.3410493827162,395.4475308641976,pole,2
4,722.357609391465,374.177527743908,pole,2
