,x,y,category,consensus
0,605.5,452.0,pole,3
1,39.9365837191358,527.4643132716049,pole,2
