,x,y,category,consensus
0,272.5,490.0,pole,2
1,333.5,486.0,pole,2
2,113.5,500.0,pole,2
3,199.5,495.0,pole,2
4,19.0,503.0,pole,2
5,1034.0,490.0,pole,2
6,952.5,487.0,pole,2
7,363.5,479.0,pole,2
8,888.5,482.0,pole,2
9,769.1602619384369,417.0277959886933,pole,2
10,703.43311926482,406.9797021915102,pole,2
11,755.1954440819541,414.0157764510205,pole,2
