,x,y,category,consensus
0,969.5,386.0,pole,3
1,1043.649076634183,376.4695137162304,pole,2
