,x,y,category,consensus
0,922.0,498.0,pole,3
1,312.0,464.0,pole,3
2,801.0,435.0,pole,3
3,710.0,387.0,pole,3
4,657.5,370.0,pole,2
5,525.655864197531,470.1967592592593,pole,2
