,x,y,category,consensus
0,1180.5555555555554,474.30555555555554,pole,2
