,x,y,category,consensus
0,357.3144356413975,418.0111234000309,pole,3
1,132.5,490.0,pole,3
2,1034.5,487.0,pole,3
3,413.5,400.0,pole,3
4,497.5,390.0,pole,2
5,801.5,430.0,pole,2
6,925.5,471.0,pole,2
7,285.5,430.0,pole,2
8,261.0,439.0,pole,2
9,213.0,451.0,pole,2
10,89.5,523.0,pole,2
11,829.5,414.0,pole,2
12,181.2155694067013,461.310568080438,pole,2
13,237.3106302408848,443.246056964345,pole,2
14,305.1951614876764,424.0406293567093,pole,2
