,x,y,category,consensus
0,305.7618527091907,414.938593106996,pole,3
1,160.416130829904,429.6741040809328,pole,3
2,107.5,436.0,pole,3
3,837.5,419.0,pole,3
4,53.5,496.0,pole,2
5,141.5,449.0,pole,2
6,273.5,437.0,pole,2
7,858.5,426.0,pole,2
