,x,y,category,consensus
0,298.0,424.0,pole,2
1,398.0,437.0,pole,2
2,437.0,428.0,pole,2
3,335.0,442.0,pole,2
4,462.8290037722908,420.6318587105625,pole,2
