,x,y,category,consensus
0,723.2220001807292,367.5867066572889,pole,3
1,544.2738143387801,389.2284547645282,pole,3
2,910.5,414.0,pole,3
3,825.5,390.0,pole,3
4,753.5,383.0,pole,3
