,x,y,category,consensus
0,763.7599014860805,412.8082698664457,pole,3
1,728.8746955818738,410.5471917059879,pole,2
