,x,y,category,consensus
0,1094.111689814815,568.9916623799726,pole,3
1,347.0,459.0,pole,3
2,765.0,426.0,pole,3
3,747.1876341751059,424.96156497890667,pole,2
4,737.5,416.0,pole,2
