,x,y,category,consensus
0,944.7337962962964,539.158950617284,pole,3
1,20.0,510.0,pole,3
2,89.5,456.0,pole,3
3,857.0,430.0,pole,3
4,1041.5,493.0,pole,2
5,1169.5,476.0,pole,2
6,909.0366968202292,429.251557024418,pole,2
