,x,y,category,consensus
0,1039.5,555.0,pole,2
1,776.9633058984912,439.0512474279836,pole,2
2,751.8459576474623,428.6694101508917,pole,2
3,787.3451431755831,444.4096150548697,pole,2
