,x,y,category,consensus
0,945.0,483.0,pole,3
1,365.0387945816187,554.9259473593964,pole,2
