,x,y,category,consensus
0,578.0,392.0,pole,3
1,585.9624429222217,390.1369236682837,pole,2
2,591.7665498073255,389.6322187217529,pole,2
3,734.3456972022675,395.6886780801221,pole,2
4,693.9693014798061,391.3986860346106,pole,2
