,x,y,category,consensus
0,921.0,474.0,pole,3
1,763.0,415.0,pole,3
2,333.5,401.0,pole,3
3,1253.0,445.0,pole,2
4,1098.8839859825105,419.3201749685643,pole,2
5,1117.2568610920594,423.27383163770776,pole,2
6,1140.0485289494743,427.2274883068512,pole,2
7,1190.2006172839508,437.8858024691359,pole,2
8,1217.2067901234568,444.6373456790124,pole,2
9,1180.0502317196313,440.4838665504497,pole,2
10,1163.6766975308642,434.5100308641976,pole,2
