,x,y,category,consensus
0,798.0,411.0,pole,3
1,749.5,396.0,pole,3
2,1175.0,537.0,pole,2
3,689.7903445225311,383.0912426147141,pole,2
4,719.9918885229323,396.81921716035095,pole,2
