,x,y,category,consensus
0,283.0,420.0,pole,3
1,451.0,382.0,pole,3
2,613.2788192875414,363.1850564310141,pole,2
