,x,y,category,consensus
0,601.0,466.0,pole,3
1,871.0,476.0,pole,2
2,977.0,495.0,pole,2
3,785.5,450.0,pole,2
4,172.81097369213492,420.5605378451583,pole,2
