,x,y,category,consensus
0,553.1566213977218,380.7998821574645,pole,3
1,500.5,396.0,pole,2
2,31.0,553.0,pole,2
