,x,y,category,consensus
0,23.741320684807324,403.76395722461433,pole,3
1,215.0045010288066,391.16083676268863,pole,3
