,x,y,category,consensus
0,386.8058710211805,428.9588281554303,pole,3
1,409.73966379153865,421.04505459382784,pole,3
2,198.0,510.0,pole,3
3,843.5,430.0,pole,3
4,817.0,430.0,pole,2
5,771.0276527161235,409.73966379153865,pole,2
6,791.3773561602441,409.2551470428691,pole,2
7,424.5981774174044,440.748735706389,pole,2
8,823.5169671553234,429.44334490409983,pole,2
