,x,y,category,consensus
0,800.2601632191856,361.7725056732544,pole,2
1,857.3302884048582,359.25178485697023,pole,2
