,x,y,category,consensus
0,970.5343364197532,396.1843064128944,pole,3
