,x,y,category,consensus
0,773.0,465.0,pole,2
1,962.5,616.0,pole,2
2,949.5,501.0,pole,2
3,1056.0,551.0,pole,2
4,916.0,577.0,pole,2
5,1033.0,674.0,pole,2
6,813.5,503.0,pole,2
7,797.5,483.0,pole,2
8,50.0,519.0,pole,2
9,764.2040418390276,456.0513896852019,pole,2
10,822.3460516793721,439.698949417605,pole,2
11,787.428867669753,473.2108410493827,pole,2
12,556.7097442212983,349.01356462495664,pole,2
13,530.868850958923,338.3541961542268,pole,2
14,1186.0,536.0,pole,2
