,x,y,category,consensus
0,361.0,469.0,pole,3
1,461.0,396.0,pole,3
2,532.2793407225894,345.06384846843724,pole,2
