,x,y,category,consensus
0,272.0,427.0,pole,3
1,497.5,400.0,pole,3
2,533.5,386.0,pole,3
3,984.5,580.0,pole,2
4,902.5,550.0,pole,2
5,801.5,505.0,pole,2
6,765.5,492.0,pole,2
7,847.0,525.0,pole,2
8,737.5,478.0,pole,2
9,434.0,409.0,pole,2
10,458.0,409.0,pole,2
11,1092.5,623.0,pole,2
12,474.0,404.0,pole,2
13,1242.0,683.0,pole,2
14,569.5,387.0,pole,2
15,252.17817644032925,425.32043038408784,pole,2
16,520.0,402.0,pole,2
17,513.0,397.0,pole,2
