,x,y,category,consensus
0,1237.0,437.0,pole,3
1,1074.017811213992,403.8869598765432,pole,2
