,x,y,category,consensus
0,731.0822830932785,409.5802254801098,pole,3
1,565.0,383.0,pole,3
2,1140.0,583.0,pole,3
3,662.5,399.0,pole,2
4,1265.5,690.0,pole,2
5,641.5,399.0,pole,2
6,631.5,399.0,pole,2
7,1208.4235325217194,405.3660926068816,pole,2
