,x,y,category,consensus
0,1125.0,381.0,pole,3
1,489.0,470.0,pole,3
2,870.0,410.0,pole,3
3,557.0023148148149,384.3557098765432,pole,2
