,x,y,category,consensus
0,102.0,526.0,pole,2
1,47.5,543.0,pole,2
2,872.5,407.0,pole,2
3,863.4088461291153,405.9039061979048,pole,2
