,x,y,category,consensus
0,910.5,461.0,pole,3
1,828.5,405.0,pole,3
2,784.2194287265662,386.0629453398873,pole,2
