,x,y,category,consensus
0,785.5,422.0,pole,3
1,1036.0,551.0,pole,3
2,276.75596684003966,440.2512985110883,pole,2
