,x,y,category,consensus
0,1090.0,520.0,pole,3
1,841.5,431.0,pole,3
2,730.0,391.0,pole,3
3,781.0,434.0,pole,2
4,772.6562499999999,431.25,pole,2
5,702.8722967366086,392.13555525654544,pole,2
6,425.0,436.0,pole,2
7,760.8772082098367,404.7743528695244,pole,2
