,x,y,category,consensus
0,1100.0468261793171,414.4362461419754,pole,3
1,957.5,399.0,pole,3
2,789.5,410.0,pole,3
3,833.5,409.0,pole,3
4,903.0,403.0,pole,3
