,x,y,category,consensus
0,689.5,444.0,pole,3
1,49.5,644.0,pole,3
2,783.0,464.0,pole,3
3,921.5,444.0,pole,2
4,906.0,442.0,pole,2
5,853.5,435.0,pole,2
6,801.5,418.0,pole,2
7,978.5,417.0,pole,2
8,941.5,418.0,pole,2
9,884.0,439.0,pole,2
10,1037.0,418.0,pole,2
11,726.0,429.0,pole,2
12,817.0,431.0,pole,2
13,1010.0,419.0,pole,2
14,898.6771020583659,416.4801560727528,pole,2
15,772.5619557535771,426.25360964202537,pole,2
16,1272.0,400.0,pole,2
