,x,y,category,consensus
0,1167.6348937989317,434.5509589629912,pole,3
1,909.0,603.0,pole,3
2,105.0,422.0,pole,2
3,158.5,421.0,pole,2
4,1181.0,442.0,pole,2
5,310.0,499.0,pole,2
6,873.0,441.0,pole,2
7,563.5,483.0,pole,2
8,208.0,491.0,pole,2
9,779.5,438.0,pole,2
10,709.0,488.0,pole,2
11,33.0,471.0,pole,2
12,673.0,491.0,pole,2
13,610.5324074074075,476.9483024691359,pole,2
14,935.0351508916324,448.4283907750344,pole,2
15,1007.5,450.0,pole,2
