,x,y,category,consensus
0,231.40721798435715,426.475679818499,pole,3
1,223.83664378639563,428.9992045511528,pole,2
2,311.12022033607684,446.0841049382717,pole,2
3,271.27890876028783,424.7092125056413,pole,2
