,x,y,category,consensus
0,532.8896604938273,405.5748456790124,pole,3
1,450.5,497.0,pole,3
2,425.5,512.0,pole,2
3,393.5,531.0,pole,2
4,558.6478112159764,424.5981774174044,pole,2
