,x,y,category,consensus
0,1073.5,432.0,pole,2
1,1097.5,435.0,pole,2
2,182.0,463.0,pole,2
3,213.0,458.0,pole,2
4,313.5,511.0,pole,2
5,537.5,543.0,pole,2
6,457.0,513.0,pole,2
7,149.5,583.0,pole,2
8,24.69344721278793,475.1177704364224,pole,2
9,75.01714677640604,473.54573902606313,pole,2
10,120.2283736282579,474.2155349794239,pole,2
11,4.5,517.0,pole,2
