,x,y,category,consensus
0,885.5,413.0,pole,3
1,5.5,410.0,pole,3
2,824.1831776847442,407.0445393770645,pole,2
3,817.6220133798442,405.5304245374721,pole,2
