,x,y,category,consensus
0,1080.5732905223742,363.387561502153,pole,3
1,963.059413580247,385.32021604938274,pole,3
