,x,y,category,consensus
0,595.3095785319714,373.2394020584335,pole,3
1,1082.0,402.0,pole,3
2,887.0,385.0,pole,3
3,809.0,384.0,pole,3
4,449.5,427.0,pole,3
5,39.0,375.0,pole,2
6,273.0,376.0,pole,2
7,528.2639676240866,373.0079994960947,pole,2
8,314.9112654320988,377.1219135802469,pole,2
9,669.1176299126308,363.8720782508224,pole,2
