,x,y,category,consensus
0,941.5,434.0,pole,3
1,229.0,484.0,pole,2
2,1093.0,626.0,pole,2
3,1143.0,654.0,pole,2
4,272.95524691358025,469.2322530864198,pole,2
5,539.5578513183967,372.1088629782046,pole,2
6,516.5336154216203,375.8299516079866,pole,2
