,x,y,category,consensus
0,341.5,437.0,pole,3
1,485.5,397.0,pole,3
2,524.0,388.0,pole,3
3,669.0,379.0,pole,3
4,351.5625,435.47453703703707,pole,2
5,361.6898148148149,431.61651234567904,pole,2
6,564.5,377.0,pole,2
7,577.5,372.0,pole,2
8,547.0,381.0,pole,2
9,506.0,384.0,pole,2
10,399.5,399.0,pole,2
