,x,y,category,consensus
0,795.5,464.0,pole,3
1,398.5,408.0,pole,3
2,725.0,411.0,pole,3
3,425.5,416.0,pole,2
4,409.5802254801098,410.2500214334706,pole,2
5,598.4106998141543,408.82840946947306,pole,2
6,352.3126714677641,456.4659422153636,pole,2
