,x,y,category,consensus
0,429.75626197094886,413.8580561552297,pole,2
