,x,y,category,consensus
0,1251.178840877915,414.2687971536352,pole,3
