,x,y,category,consensus
0,106.0,516.0,pole,3
1,333.0,443.0,pole,3
2,983.0,545.0,pole,3
3,94.0,535.0,pole,2
4,885.5,533.0,pole,2
5,859.5,514.0,pole,2
6,45.5,554.0,pole,2
7,65.0,481.0,pole,2
8,690.8781783987197,368.6225123075078,pole,2
