,x,y,category,consensus
0,638.9160859122297,377.7615583793492,pole,2
