,x,y,category,consensus
0,673.5,390.0,pole,3
1,447.5,406.0,pole,3
2,463.62112205159167,377.99461308345167,pole,2
