,x,y,category,consensus
0,512.0590063443074,403.2171639231825,pole,3
1,528.6077727984651,379.3766142082477,pole,2
