,x,y,category,consensus
0,384.46287722908096,387.14206104252406,pole,2
