,x,y,category,consensus
0,778.0,430.0,pole,3
1,579.6687695312077,402.8861360760213,pole,2
2,450.772676611797,423.9808384773663,pole,2
3,210.7445987654321,478.8773148148149,pole,2
