,x,y,category,consensus
0,354.6662600261012,395.0022793528402,pole,2
