,x,y,category,consensus
0,252.5,658.0,pole,2
1,437.5,446.0,pole,2
2,469.5,409.0,pole,2
3,456.2114197530864,423.900462962963,pole,2
