,x,y,category,consensus
0,419.5,452.0,pole,3
1,506.0,435.0,pole,3
2,909.5,426.0,pole,3
3,1251.0,422.0,pole,3
4,181.5,474.0,pole,2
5,1200.0,443.0,pole,2
6,1249.0,690.0,pole,2
7,353.0,467.0,pole,2
8,202.0,458.0,pole,2
9,959.5,449.0,pole,2
10,857.5,440.0,pole,2
11,465.5,457.0,pole,2
12,1087.5,447.22222222222223,pole,2
13,573.3105370002144,433.8334959091174,pole,2
14,145.5,458.0,pole,2
15,87.0,458.0,pole,2
