,x,y,category,consensus
0,700.0,389.0,pole,3
1,1123.0,469.0,pole,2
2,625.5894204389575,375.755529835391,pole,2
