,x,y,category,consensus
0,654.5,381.0,pole,3
1,345.0,450.0,pole,3
2,734.0,419.0,pole,3
3,828.0,458.0,pole,3
4,519.0,442.0,pole,2
5,602.8163580246915,361.875869246304,pole,2
