,x,y,category,consensus
0,317.0,466.0,pole,3
1,591.9419597969015,379.0060388075976,pole,2
