,x,y,category,consensus
0,322.68815461391176,413.53504498945,pole,2
