,x,y,category,consensus
0,603.5,399.0,pole,3
1,82.0,391.0,pole,3
2,1143.0,386.0,pole,3
3,925.5,352.0,pole,3
4,29.0,374.0,pole,3
5,850.0,367.0,pole,3
6,1113.5,360.0,pole,3
7,1050.0,391.0,pole,3
8,1079.5,451.0,pole,3
9,479.5,418.0,pole,3
10,1193.5,373.0,pole,3
11,587.3842592592594,394.0007716049383,pole,2
12,980.2742859082076,353.0382837505716,pole,2
13,745.0,343.0,pole,2
