,x,y,category,consensus
0,422.983121588506,361.20723613314,pole,2
