,x,y,category,consensus
0,385.0,428.0,pole,2
1,50.0,433.0,pole,2
2,516.5,443.0,pole,2
3,418.65976293819614,420.2369658961048,pole,2
4,474.2155349794239,425.6553283607682,pole,2
