,x,y,category,consensus
0,902.0,468.0,pole,3
1,164.0,483.0,pole,3
2,861.2738715277777,470.95027970679007,pole,3
3,191.0,497.0,pole,2
4,225.0,487.0,pole,2
5,765.613985577656,397.9239153473175,pole,2
