,x,y,category,consensus
0,505.5,393.0,pole,3
1,769.5,392.0,pole,3
2,965.0,418.0,pole,3
3,529.5,419.0,pole,2
4,540.1904363854596,409.9151234567902,pole,2
5,559.2796210562415,419.2922668038409,pole,2
