,x,y,category,consensus
0,241.0,424.0,pole,3
1,510.0,379.0,pole,2
2,453.5,382.0,pole,2
3,46.0,410.0,pole,2
4,133.5,412.0,pole,2
5,190.48996913580248,398.6625514403292,pole,2
6,347.6240997942387,389.4193672839506,pole,2
