,x,y,category,consensus
0,804.0,552.0,pole,3
1,980.0,421.0,pole,3
2,1061.5,416.0,pole,3
3,141.5,454.0,pole,3
4,194.0,459.0,pole,3
5,678.0,515.0,pole,2
6,925.0,516.0,pole,2
7,557.0,436.0,pole,2
8,744.5,511.0,pole,2
9,938.0,424.0,pole,2
10,205.5,459.0,pole,2
11,608.5,432.0,pole,2
12,153.0,480.0,pole,2
13,910.0,528.0,pole,2
14,257.0408950617284,455.7291666666667,pole,2
15,900.0,423.0,pole,2
16,536.0,442.0,pole,2
