,x,y,category,consensus
0,678.0,375.0,pole,3
1,855.0,467.0,pole,3
2,764.0,422.0,pole,3
3,977.0,418.0,pole,3
4,269.0,462.0,pole,2
5,792.5,450.0,pole,2
6,243.5,470.0,pole,2
7,805.5,459.0,pole,2
8,317.5,430.0,pole,2
9,461.1545138888889,393.8400205761317,pole,2
