,x,y,category,consensus
0,1061.2916881001372,438.3814514746228,pole,2
