,x,y,category,consensus
0,1091.0,421.0,pole,3
1,885.5,389.0,pole,3
2,493.0,404.0,pole,3
3,239.0,424.0,pole,3
4,833.5,394.0,pole,2
5,397.5,411.0,pole,2
6,805.0,397.0,pole,2
7,354.5,421.0,pole,2
8,321.5,424.0,pole,2
9,780.2854938271605,396.8942901234568,pole,2
10,364.7038966049384,413.5990012002744,pole,2
11,1073.9776234567903,422.9359567901235,pole,2
12,325.85573131001377,413.264103223594,pole,2
