,x,y,category,consensus
0,750.0,471.0,pole,2
1,695.5,438.0,pole,2
2,717.5,445.0,pole,2
3,298.0,483.0,pole,2
4,310.0,474.0,pole,2
5,673.5,434.0,pole,2
6,664.1109568430456,449.63154276533055,pole,2
