,x,y,category,consensus
0,115.0,495.0,pole,3
1,849.0,483.0,pole,3
2,896.5,478.0,pole,3
3,139.0,511.0,pole,2
4,177.0,498.0,pole,2
5,801.8945997180309,397.4587792685948,pole,2
6,755.6135598851167,401.877572016461,pole,2
