,x,y,category,consensus
0,698.3024691358025,388.21373456790127,pole,3
1,358.5,493.0,pole,3
2,1158.0,564.0,pole,3
3,1137.5,483.0,pole,3
4,582.0,423.0,pole,3
5,645.5,405.0,pole,3
6,674.0,394.0,pole,3
7,657.5,385.0,pole,2
