,x,y,category,consensus
0,485.5,402.0,pole,3
1,538.0,387.0,pole,3
2,664.6794564948179,374.66711141117975,pole,2
