,x,y,category,consensus
0,474.5,405.0,pole,3
1,793.0,393.0,pole,3
2,538.0,459.0,pole,2
3,1028.0,415.0,pole,2
4,501.5,451.0,pole,2
5,1017.5,410.0,pole,2
6,441.5,402.0,pole,2
7,521.5,477.0,pole,2
8,401.0,398.0,pole,2
9,449.5,492.0,pole,2
10,772.7663612569219,399.158524587521,pole,2
