,x,y,category,consensus
0,564.5124826946641,356.826397197253,pole,2
1,580.9355816547751,354.1817432774317,pole,2
