,x,y,category,consensus
0,286.0,475.0,pole,2
1,57.0,554.0,pole,2
2,198.0,504.0,pole,2
3,248.5,481.0,pole,2
4,138.5,526.0,pole,2
5,319.5,458.0,pole,2
6,773.5212989159428,433.0416892908856,pole,2
7,766.0791216563787,433.73939340896976,pole,2
8,611.0501593930657,385.41534179574177,pole,2
