,x,y,category,consensus
0,719.1003777053804,379.0859041590459,pole,3
1,127.5,528.0,pole,3
2,893.0,436.0,pole,3
3,773.0,385.0,pole,3
4,445.6474579957441,412.52619587966245,pole,2
5,434.25654774418166,413.92815406447016,pole,2
6,414.804377929975,399.3828378970904,pole,2
