,x,y,category,consensus
0,545.0813422532293,391.0050161763165,pole,3
1,382.0,444.0,pole,3
2,1079.0,478.0,pole,3
3,990.0,356.0,pole,3
4,865.5,417.0,pole,3
5,348.5,419.0,pole,3
6,1.0,308.0,pole,2
