,x,y,category,consensus
0,587.1916876473177,384.36208915083495,pole,3
1,529.0922895471347,395.8308029930652,pole,3
2,778.5,399.0,pole,3
3,750.5,414.0,pole,3
4,737.5,386.0,pole,3
5,993.0,467.0,pole,3
6,501.5,391.0,pole,3
