,x,y,category,consensus
0,578.3688057270234,438.04655349794245,pole,3
1,618.5565629286695,467.51757544581625,pole,3
2,1063.0,471.0,pole,3
3,1201.5,487.0,pole,3
