,x,y,category,consensus
0,841.5,451.0,pole,3
1,335.0,428.0,pole,3
2,818.383487654321,421.00694444444446,pole,2
