,x,y,category,consensus
0,773.0561628372201,411.6454296696388,pole,3
1,925.925925925926,481.77083333333337,pole,3
2,335.2328746570645,589.7553369341564,pole,2
