,x,y,category,consensus
0,1062.8682409980747,421.36806575960753,pole,3
1,1118.2646559292918,411.3547196204371,pole,3
2,223.0,477.0,pole,2
3,297.0,462.0,pole,2
4,449.0,486.0,pole,2
5,520.5,458.0,pole,2
6,403.5,458.0,pole,2
7,329.0,446.0,pole,2
8,357.0,443.0,pole,2
9,1128.2780020684622,413.7773033637848,pole,2
