,x,y,category,consensus
0,557.0,391.0,pole,3
1,945.5,451.0,pole,3
2,1041.0,586.0,pole,3
3,818.0,410.0,pole,3
4,385.5,423.0,pole,3
5,414.203678102614,438.62332223555865,pole,2
6,321.055438740073,362.175839760969,pole,2
