,x,y,category,consensus
0,955.6220737359016,397.9239153473175,pole,3
1,1222.0,440.0,pole,3
2,1070.0,410.0,pole,3
3,657.0,389.0,pole,3
4,889.0,388.0,pole,3
5,724.8370560096276,386.64436543829066,pole,3
