,x,y,category,consensus
0,277.9858547962,376.0893639552616,pole,3
1,300.0630311838176,374.3791601505869,pole,2
