,x,y,category,consensus
0,197.5,498.0,pole,3
1,370.0,507.0,pole,2
2,548.0,509.0,pole,2
3,257.0,515.0,pole,2
4,472.5,518.0,pole,2
5,621.6242283950618,516.0108024691358,pole,2
