,x,y,category,consensus
0,1196.262879932705,400.7357275454298,pole,3
1,621.0,442.0,pole,3
2,722.0,462.0,pole,3
3,1222.0,423.0,pole,2
4,868.5,418.0,pole,2
5,853.5,446.0,pole,2
6,838.0,443.0,pole,2
7,905.0,418.0,pole,2
8,698.0,430.0,pole,2
9,937.5,419.0,pole,2
10,781.5,435.0,pole,2
11,1246.0,423.0,pole,2
12,813.5,439.0,pole,2
13,962.0,418.0,pole,2
14,653.0,427.0,pole,2
15,744.0,432.0,pole,2
16,775.7113146199291,418.1379541018106,pole,2
17,823.6784727382133,418.2994596847004,pole,2
