,x,y,category,consensus
0,1141.5,496.0,pole,3
1,377.5,442.0,pole,3
2,540.0,395.0,pole,3
3,791.5,524.0,pole,2
4,885.0,539.0,pole,2
5,386.766975308642,437.8858024691359,pole,2
