,x,y,category,consensus
0,670.9587935575752,370.71345474203633,pole,3
1,690.0,380.0,pole,3
