,x,y,category,consensus
0,337.0,431.0,pole,2
1,357.5,413.0,pole,2
2,225.5,442.0,pole,2
3,89.5,466.0,pole,2
4,183.0,474.0,pole,2
5,193.5,433.0,pole,2
6,238.44735939643348,425.6553283607682,pole,2
7,831.4307407169259,417.22706261431193,pole,2
