,x,y,category,consensus
0,751.0009604377826,391.0050161763165,pole,3
1,830.0,469.0,pole,2
2,316.5,481.0,pole,2
3,338.0,473.0,pole,2
4,1204.0,540.0,pole,2
5,843.0555555555555,477.0833333333333,pole,2
6,980.58563278189,456.7018982829528,pole,2
