,x,y,category,consensus
0,453.0,410.0,pole,3
1,467.51757544581625,393.50512259945134,pole,2
2,514.7182926699384,397.62674507480017,pole,2
3,527.3157281353464,389.3899603474181,pole,2
4,427.9996141975309,407.5708376200275,pole,2
