,x,y,category,consensus
0,40.5,503.0,pole,3
1,1030.0,455.0,pole,3
2,786.0,381.0,pole,3
3,672.3542017937434,394.2028267175355,pole,2
