,x,y,category,consensus
0,381.0,452.0,pole,2
1,845.0,456.0,pole,2
2,364.0,475.0,pole,2
3,890.5,479.0,pole,2
4,715.8444251543211,350.0148992388737,pole,2
