,x,y,category,consensus
0,815.5,390.0,pole,3
1,530.0,407.0,pole,3
2,515.5,409.0,pole,3
3,940.0,404.0,pole,3
4,558.9447230795611,362.3596107681756,pole,3
5,780.4983400967842,371.8762949388432,pole,3
6,760.2649206723443,370.0157506239522,pole,2
7,1265.9722222222222,475.6944444444444,pole,2
8,969.0,393.0,pole,2
