,x,y,category,consensus
0,824.1839206104253,404.2218578532237,pole,3
1,885.0,410.0,pole,3
2,1278.5,422.0,pole,2
3,449.4086246427465,381.3952991175227,pole,2
4,46.97874395099833,406.9940688824113,pole,2
5,464.2153534054148,382.4529226005705,pole,2
