,x,y,category,consensus
0,826.0,402.0,pole,3
1,1105.5,413.0,pole,3
2,232.5,450.0,pole,3
3,503.2513962847593,397.9497562405799,pole,2
4,723.7468933251214,396.4457354999183,pole,2
5,734.5,382.0,pole,2
