,x,y,category,consensus
0,637.5,373.0,pole,3
1,744.8131001371743,382.1185913923183,pole,2
