,x,y,category,consensus
0,819.1604509602196,408.910429526749,pole,3
1,794.0431027091907,395.8494084362141,pole,2
2,858.0086162551441,408.5755315500686,pole,2
3,744.4782021604939,382.78838734567904,pole,2
