,x,y,category,consensus
0,202.0,487.0,pole,3
1,680.2615151320302,406.5289328036885,pole,2
