,x,y,category,consensus
0,534.4413544524464,389.3188978909466,pole,3
1,445.0,410.0,pole,3
2,502.0,397.0,pole,3
3,161.0,490.0,pole,2
4,186.5,481.0,pole,2
5,151.401793624257,487.23004246208666,pole,2
6,668.5,383.0,pole,2
7,330.0,414.0,pole,2
8,553.5119336800793,383.2721288675508,pole,2
