,x,y,category,consensus
0,769.1936728395062,443.67283950617286,pole,3
1,101.38888888888889,556.9444444444445,pole,3
2,1029.0,450.0,pole,2
3,961.5,448.0,pole,2
