,x,y,category,consensus
0,511.8111921779212,398.5957785721393,pole,2
