,x,y,category,consensus
0,1044.463064771948,410.0174533941092,pole,3
1,946.0867841220852,405.598660646243,pole,3
2,1116.0,480.0,pole,2
