,x,y,category,consensus
0,669.0982492426841,399.5518916228472,pole,3
1,920.736867831695,377.2253598441549,pole,2
2,1216.0,469.0,pole,2
