,x,y,category,consensus
0,473.0,447.0,pole,3
1,533.5,423.0,pole,3
2,365.5,495.0,pole,2
3,807.5,482.0,pole,2
4,104.5,535.0,pole,2
5,818.8720665914115,486.9974744227253,pole,2
6,883.9346355212479,462.2957114403354,pole,2
