,x,y,category,consensus
0,789.4392891655659,383.41425378049377,pole,2
