,x,y,category,consensus
0,406.90434355858366,401.5208241289221,pole,3
1,849.5,407.0,pole,2
2,892.5,419.0,pole,2
3,823.5,426.0,pole,2
4,761.2231009945131,434.0277777777778,pole,2
