,x,y,category,consensus
0,707.813638554782,377.82773080567216,pole,3
1,391.0,447.0,pole,3
2,805.5,407.0,pole,3
3,745.5,389.0,pole,3
