,x,y,category,consensus
0,564.6751995694254,371.8762949388432,pole,3
1,55.0,535.0,pole,3
2,1228.0,499.0,pole,3
3,246.0,501.0,pole,2
4,281.0,489.0,pole,2
5,918.5,493.0,pole,2
6,346.5,426.0,pole,2
7,1177.0,423.0,pole,2
8,1107.5,427.0,pole,2
9,154.72286522633746,434.0277777777778,pole,2
10,525.3712009173527,387.4583535760555,pole,2
11,1247.872886198393,416.8055330429694,pole,2
12,1164.6412037037037,404.61033950617286,pole,2
13,894.579475308642,481.2885802469136,pole,2
