,x,y,category,consensus
0,89.0,487.0,pole,3
1,1020.0,463.0,pole,3
2,785.0,395.0,pole,3
3,70.0,549.0,pole,2
4,671.7622838324522,402.7545473315529,pole,2
