,x,y,category,consensus
0,414.7028291512103,415.782503270323,pole,3
1,744.0562203735193,423.95215508584505,pole,2
