,x,y,category,consensus
0,703.0531829894453,370.9460227813977,pole,2
1,727.2376543209878,385.32021604938274,pole,2
