,x,y,category,consensus
0,402.5752761345451,376.9927918047935,pole,2
