,x,y,category,consensus
0,1027.5,435.0,pole,3
1,889.0,387.0,pole,3
2,782.0,373.0,pole,3
3,686.0,361.0,pole,3
4,586.0,353.0,pole,3
5,576.3036015374944,386.29551337924863,pole,2
