,x,y,category,consensus
0,696.5412778873267,386.5280814186101,pole,3
1,710.0302241702866,374.8996794505412,pole,3
