,x,y,category,consensus
0,101.5,524.0,pole,3
1,497.5,414.0,pole,2
2,51.0,563.0,pole,2
3,514.2382621874604,416.6619725248452,pole,2
