,x,y,category,consensus
0,470.0,461.0,pole,3
1,867.5,425.0,pole,3
2,1187.0,462.0,pole,3
3,569.0,462.0,pole,3
4,745.0,439.0,pole,3
5,583.5262345679013,402.1990740740741,pole,2
