,x,y,category,consensus
0,1141.0,434.0,pole,3
1,905.5,430.0,pole,3
2,61.0,680.0,pole,3
3,1224.7219007201647,423.31104252400553,pole,3
4,942.5982635316644,415.1339502600595,pole,3
5,893.0612711476911,426.5297841887671,pole,3
6,866.7810826998553,408.8546131973023,pole,2
