,x,y,category,consensus
0,1053.5,395.0,pole,2
1,731.8916198702561,374.8996794505412,pole,2
2,909.108465863626,380.01617631649145,pole,2
