,x,y,category,consensus
0,822.0,388.0,pole,3
1,1169.5,573.0,pole,2
2,1051.5,514.0,pole,2
3,954.0,472.0,pole,2
4,977.5,486.0,pole,2
5,1012.5,499.0,pole,2
6,933.5,462.0,pole,2
7,914.0,452.0,pole,2
8,1100.5,539.0,pole,2
9,900.0,446.0,pole,2
10,693.5,399.0,pole,2
11,749.0,394.0,pole,2
12,709.0,394.0,pole,2
13,525.0,414.0,pole,2
14,833.5,388.0,pole,2
15,505.5,413.0,pole,2
16,1261.0,622.0,pole,2
17,672.5092471533177,401.01836231548697,pole,2
