,x,y,category,consensus
0,1176.0,642.0,pole,3
1,440.5,415.0,pole,3
2,477.0,406.0,pole,2
3,463.9732385259489,410.9477255515547,pole,2
