,x,y,category,consensus
0,400.01702770156993,394.2028267175355,pole,3
1,327.68836746018144,405.3660926068816,pole,3
2,764.5,418.0,pole,3
3,162.0,498.0,pole,2
4,779.0,462.0,pole,2
5,299.5,453.0,pole,2
6,792.5,471.0,pole,2
7,278.5,460.0,pole,2
8,254.5,468.0,pole,2
9,227.5,475.0,pole,2
10,122.0,510.0,pole,2
11,50.0,512.0,pole,2
12,713.5139615909271,366.91874368013737,pole,2
13,954.3788580246916,484.18209876543216,pole,2
