,x,y,category,consensus
0,662.0113842654777,366.2946619941701,pole,3
1,851.5,420.0,pole,3
2,733.0,372.0,pole,3
3,306.5,463.0,pole,2
4,869.0,463.0,pole,2
5,886.5,470.0,pole,2
6,286.0,472.0,pole,2
7,769.5,381.0,pole,2
