,x,y,category,consensus
0,816.8952382568398,383.8987705291633,pole,2
1,943.0633996103873,401.1798678983768,pole,2
2,894.579475308642,416.6666666666667,pole,2
3,1146.3155864197531,424.8649691358025,pole,2
4,794.4459622351511,379.8611309569172,pole,2
