,x,y,category,consensus
0,1005.3637259945132,389.4863468792867,pole,3
