,x,y,category,consensus
0,306.0,404.0,pole,3
1,845.5,392.0,pole,3
2,323.5,409.0,pole,2
3,89.0,432.0,pole,2
4,678.4009708171393,360.9455970888585,pole,2
