,x,y,category,consensus
0,903.0,405.0,pole,3
1,6.0,431.0,pole,3
2,235.0,719.0,pole,3
3,515.5,590.0,pole,2
4,461.0,631.0,pole,2
5,364.5,672.0,pole,2
6,698.2622813786008,376.76022376543216,pole,2
