,x,y,category,consensus
0,1094.5,567.0,pole,3
1,977.0,442.0,pole,3
2,1071.3386274005488,357.3361411179699,pole,2
