,x,y,category,consensus
0,1122.5,611.0,pole,3
1,757.0,418.0,pole,3
2,69.5,588.0,pole,2
3,777.5,426.0,pole,2
4,689.1396604938273,407.0216049382717,pole,2
