,x,y,category,consensus
0,1245.1506772976682,468.187371399177,pole,3
1,978.0,448.0,pole,3
2,757.0,406.0,pole,3
