,x,y,category,consensus
0,825.5,440.0,pole,2
1,838.0,446.0,pole,2
2,206.0,432.0,pole,2
3,396.1515595634428,444.4325308852374,pole,2
