,x,y,category,consensus
0,806.0,447.0,pole,3
1,988.0,383.0,pole,3
2,817.1510631001372,439.386145404664,pole,2
