,x,y,category,consensus
0,265.5,406.0,pole,3
1,227.0,464.0,pole,3
2,250.0,400.0,pole,3
3,141.5,395.0,pole,3
4,565.0,429.0,pole,3
5,715.5,467.0,pole,3
6,1133.0,499.0,pole,3
7,855.0,500.0,pole,3
8,663.5,467.0,pole,2
9,677.5,469.0,pole,2
10,192.59540759614103,395.7290544758445,pole,2
11,176.0,498.0,pole,2
