,x,y,category,consensus
0,836.5,388.0,pole,3
1,1030.5,423.0,pole,3
2,1006.0,421.0,pole,3
3,1082.0,423.0,pole,2
4,769.5,449.0,pole,2
5,864.0,430.0,pole,2
6,713.5,445.0,pole,2
7,308.0,467.0,pole,2
8,993.5,419.0,pole,2
9,975.0,418.0,pole,2
10,891.8316031091097,392.3839997713706,pole,2
11,1095.7861796982168,423.6459405006859,pole,2
12,780.1476710999343,427.5481778298767,pole,2
13,789.5,409.0,pole,2
14,344.3588445216049,476.2249228395061,pole,2
