,x,y,category,consensus
0,878.0,418.0,pole,3
1,773.5,380.0,pole,3
2,672.4141943883878,361.0042325879799,pole,2
