,x,y,category,consensus
0,482.0,398.0,pole,3
1,765.0,391.0,pole,3
2,1009.5,433.0,pole,3
3,538.0,426.0,pole,2
4,501.0,430.0,pole,2
5,457.0,394.0,pole,2
6,516.077782064472,415.94328703703707,pole,2
7,441.5,384.0,pole,2
