,x,y,category,consensus
0,841.5,408.0,pole,2
1,737.8786318279829,379.0334148446068,pole,2
