,x,y,category,consensus
0,214.0,496.0,pole,2
1,240.16203703703707,475.0192901234568,pole,2
