,x,y,category,consensus
0,579.0,399.0,pole,3
1,877.5,431.0,pole,3
2,425.5,444.0,pole,3
3,497.0,402.0,pole,2
4,564.5,397.0,pole,2
5,533.5,399.0,pole,2
6,625.7533809067073,396.4558295988488,pole,2
7,601.4064142860631,398.6361549678617,pole,2
