,x,y,category,consensus
0,566.5030686006764,372.1517473213466,pole,3
1,311.5,456.0,pole,3
2,985.5,442.0,pole,3
3,537.0,382.0,pole,3
4,397.9598503395106,443.1309430540143,pole,2
5,410.5774740027798,439.0933034817682,pole,2
6,807.7031592223298,440.0396252565134,pole,2
7,802.445816029301,438.1119327524028,pole,2
