,x,y,category,consensus
0,579.0944180098309,392.34228240264446,pole,2
