,x,y,category,consensus
0,853.0,460.0,pole,3
1,363.0,464.0,pole,3
2,497.5,392.0,pole,3
3,513.5,388.0,pole,2
4,522.1879258785938,387.37114056129496,pole,2
