,x,y,category,consensus
0,191.5,418.0,pole,3
1,898.0,471.0,pole,3
2,722.1237622170783,403.2729802526292,pole,3
3,691.2294238683128,385.4675711591221,pole,3
4,289.74101570438324,396.3347004116814,pole,3
5,201.5,418.0,pole,2
6,730.7287796734493,399.3193235834858,pole,2
