,x,y,category,consensus
0,428.0,391.0,pole,3
1,674.0,373.0,pole,3
2,701.0,389.0,pole,3
3,245.0,397.0,pole,3
4,803.0,426.0,pole,3
5,1060.0,509.0,pole,3
6,316.49382730203547,382.5749560793835,pole,3
7,602.4158241791246,368.2327289888483,pole,3
8,348.5276154905006,381.4766547700647,pole,2
9,281.0,381.0,pole,2
