,x,y,category,consensus
0,1234.0,433.0,pole,3
1,1150.0,387.0,pole,3
2,1178.0,387.0,pole,3
3,1193.5,435.0,pole,2
4,381.0,483.0,pole,2
5,429.5,489.0,pole,2
6,501.0,457.0,pole,2
7,477.0,443.0,pole,2
8,1204.1666666666663,430.55555555555554,pole,2
9,543.75,442.3611111111111,pole,2
