,x,y,category,consensus
0,154.0,407.0,pole,3
1,697.5,397.0,pole,3
2,753.5,426.0,pole,3
3,36.04804610101357,438.3907541961973,pole,3
4,206.031774839338,406.4557169394452,pole,3
5,499.6982734611827,398.4342729892495,pole,2
6,760.7300567510671,419.3201749685643,pole,2
7,46.97874395099833,442.5769789047021,pole,2
8,398.0969218348589,379.6552436157114,pole,2
9,259.6742131779718,405.182715371507,pole,2
