,x,y,category,consensus
0,1112.5,422.0,pole,2
1,858.1736538754066,343.4797552778838,pole,2
2,881.7815232928232,341.32137228826394,pole,2
3,1079.0412808641977,376.760223765432,pole,2
