,x,y,category,consensus
0,281.26197260266633,420.4394086579909,pole,3
1,1204.1859567901236,434.0277777777778,pole,3
2,1041.0,569.0,pole,3
3,969.5,433.0,pole,3
4,865.5,435.0,pole,3
5,1181.0,493.0,pole,3
6,981.5,430.0,pole,2
7,1274.0,482.0,pole,2
8,1088.0,519.0,pole,2
9,324.0,455.0,pole,2
10,1215.6796553497943,489.2859439300412,pole,2
