,x,y,category,consensus
0,284.5,607.0,pole,2
1,45.5,519.0,pole,2
2,93.5,478.0,pole,2
3,648.2304157004548,405.735460922,pole,2
4,586.9112882216994,426.8592555778623,pole,2
