,x,y,category,consensus
0,282.57016782407413,423.73896771643047,pole,3
1,89.5,426.0,pole,3
2,851.0,428.0,pole,3
