,x,y,category,consensus
0,410.7086972888777,366.13315641128025,pole,2
