,x,y,category,consensus
0,674.0,382.0,pole,3
1,833.0,425.0,pole,3
2,369.5,418.0,pole,3
3,933.5,413.0,pole,3
4,96.5,511.0,pole,3
5,788.9437539017874,417.5754359046337,pole,3
6,708.8946462344261,394.1398524250346,pole,3
7,389.5,430.0,pole,2
8,400.5,426.0,pole,2
9,726.0507323054953,417.5754359046337,pole,2
10,733.7519186234086,420.1424980106048,pole,2
11,47.0,511.0,pole,2
