,x,y,category,consensus
0,577.5,396.0,pole,3
1,875.6186681955877,413.5059739845299,pole,2
2,676.5404265022482,400.7147318196541,pole,2
3,880.735165061538,416.064222417505,pole,2
