,x,y,category,consensus
0,853.5,434.0,pole,3
1,338.0,401.0,pole,3
2,317.5,399.0,pole,3
3,966.0,446.0,pole,3
4,864.4150827036683,436.8499424404682,pole,2
