,x,y,category,consensus
0,553.4229934528353,359.2517848569703,pole,3
1,536.599495235143,363.98339373069626,pole,3
2,399.0,407.0,pole,3
3,494.36550491781134,375.1990592091578,pole,2
4,574.4523662249505,355.0459103025472,pole,2
5,307.16423798653983,399.7844596622086,pole,2
