,x,y,category,consensus
0,675.5778532282247,370.8168183150858,pole,3
1,49.5,481.0,pole,3
2,412.0,390.0,pole,3
