,x,y,category,consensus
0,522.0,377.0,pole,3
1,389.0,390.0,pole,3
2,408.24063357338827,378.4347136488341,pole,2
3,363.6992026748972,383.1232853223594,pole,2
4,505.69594478738,372.4065500685872,pole,2
5,441.5,376.0,pole,2
6,251.0,410.0,pole,2
