,x,y,category,consensus
0,613.5,375.0,pole,3
1,385.0,380.0,pole,3
2,42.0,437.0,pole,3
3,842.5,432.0,pole,3
4,169.77466873380584,391.1794422058376,pole,2
