,x,y,category,consensus
0,780.5,542.0,pole,2
1,281.5,397.0,pole,2
2,545.5,452.0,pole,2
3,1168.5,690.0,pole,2
4,569.0,461.0,pole,2
5,988.0,616.0,pole,2
6,593.5,470.0,pole,2
7,625.5,483.0,pole,2
8,716.0,518.0,pole,2
9,663.5,500.0,pole,2
10,864.5,574.0,pole,2
11,302.5,395.0,pole,2
12,317.4832818930042,392.5004286694102,pole,2
