,x,y,category,consensus
0,1073.0,395.0,pole,3
1,736.0,428.0,pole,2
2,360.5,435.0,pole,2
3,598.0,419.0,pole,2
4,548.0,438.0,pole,2
5,664.0,434.0,pole,2
6,501.5,421.0,pole,2
7,686.5,420.0,pole,2
8,273.26744624961896,415.3519827969608,pole,2
9,414.7376543209877,423.4182098765432,pole,2
10,911.5922925240056,389.4863468792867,pole,2
11,262.3658194045544,420.0760210964888,pole,2
