,x,y,category,consensus
0,420.2969607338821,363.6992026748972,pole,2
