,x,y,category,consensus
0,937.5,462.0,pole,3
1,802.0,414.0,pole,3
2,850.0,462.0,pole,2
3,836.5,455.0,pole,2
4,1078.0,518.0,pole,2
5,1214.5,522.0,pole,2
6,375.6467548404389,462.9268664434567,pole,2
