,x,y,category,consensus
0,816.5722270910601,376.6310192991202,pole,3
1,347.0,424.0,pole,3
2,445.0,395.0,pole,3
3,502.0,384.0,pole,3
4,854.0,446.0,pole,3
5,805.0,406.0,pole,3
6,533.5,434.0,pole,2
7,547.5,429.0,pole,2
8,759.7222222222222,434.02777777777777,pole,2
9,560.619212962963,424.6506344307271,pole,2
