,x,y,category,consensus
0,767.5,425.0,pole,3
1,82.36784727382133,422.3370992569466,pole,2
