,x,y,category,consensus
0,775.0,542.0,pole,3
1,929.0,493.0,pole,3
2,56.0,615.0,pole,3
3,1041.0,496.0,pole,2
4,331.0,515.0,pole,2
5,694.0,463.0,pole,2
6,731.0,471.0,pole,2
7,753.5,476.0,pole,2
8,669.0,448.0,pole,2
9,713.0,468.0,pole,2
10,653.9813266841946,459.3218777387213,pole,2
11,1154.0,494.0,pole,2
12,646.5391494246305,456.2984932270234,pole,2
13,61.5,483.0,pole,2
14,44.0,480.0,pole,2
