,x,y,category,consensus
0,9.0,420.0,pole,3
1,248.5,438.0,pole,3
2,746.5277777777778,403.1635802469136,pole,2
