,x,y,category,consensus
0,757.0,418.0,pole,3
1,76.0,550.0,pole,3
2,391.81254409076575,427.182266743642,pole,3
