,x,y,category,consensus
0,458.0,410.0,pole,3
1,287.0,490.0,pole,3
2,501.0,429.0,pole,3
3,1106.0,399.0,pole,3
4,1053.0,403.0,pole,3
5,861.5,399.0,pole,3
6,905.5,398.0,pole,3
7,1034.0,472.0,pole,3
8,715.0,470.0,pole,2
9,188.0,458.0,pole,2
10,117.5,465.0,pole,2
11,473.0,476.0,pole,2
12,1006.0,470.0,pole,2
13,406.0,484.0,pole,2
14,736.5,463.0,pole,2
15,786.5523768714098,399.8171645427436,pole,2
