,x,y,category,consensus
0,253.55728108045304,425.2423947278008,pole,3
1,1042.0,632.0,pole,3
2,999.0,600.0,pole,2
3,944.0,570.0,pole,2
4,671.1913615969365,414.9013822206981,pole,2
5,681.0,425.0,pole,2
