,x,y,category,consensus
0,481.0,393.0,pole,3
1,341.9073189778034,416.3613926900223,pole,3
2,357.41185493522863,412.1622475348863,pole,3
3,82.5,421.0,pole,2
4,459.2729307438834,395.52747820996393,pole,2
5,106.3735772722834,421.9894136271144,pole,2
6,163.49533167104866,415.3665182994209,pole,2
7,517.9004672153332,405.5173633254767,pole,2
8,176.7517099146472,417.22706261431193,pole,2
9,123.9587649796144,412.80826986644576,pole,2
