,x,y,category,consensus
0,661.688373099698,372.754885309764,pole,2
