,x,y,category,consensus
0,699.5,524.0,pole,2
1,1125.5,511.0,pole,2
2,1253.0,520.0,pole,2
3,448.5,492.0,pole,2
4,197.0,458.0,pole,2
5,1107.0,460.0,pole,2
6,105.0,444.0,pole,2
7,309.5,474.0,pole,2
8,1272.0,513.0,pole,2
9,1160.0,502.0,pole,2
10,840.5,535.0,pole,2
11,25.5,432.0,pole,2
12,1025.5,438.0,pole,2
13,1089.0,442.0,pole,2
14,978.4915123456792,456.2114197530864,pole,2
