,x,y,category,consensus
0,1208.2491064921985,434.3208135073732,pole,3
1,571.5,617.0,pole,3
2,253.5,465.0,pole,3
3,509.5,528.0,pole,2
