,x,y,category,consensus
0,461.5,427.0,pole,2
1,526.7945173182442,426.32512431412897,pole,2
2,431.3485939643347,424.6506344307271,pole,2
