,x,y,category,consensus
0,673.7496100299118,364.20154963991774,pole,2
1,580.9549623247219,368.38777434842257,pole,2
