,x,y,category,consensus
0,405.5,398.0,pole,2
1,421.5,391.0,pole,2
2,372.4722505397068,409.5377818129263,pole,2
3,193.5,440.0,pole,2
