,x,y,category,consensus
0,691.192212982015,386.0629453398873,pole,2
1,729.5659394766424,386.9932174973328,pole,2
