,x,y,category,consensus
0,767.7070979319084,403.738116331352,pole,3
1,353.5,467.0,pole,2
2,841.0,474.0,pole,2
3,829.0,468.0,pole,2
4,368.4413580246914,461.033950617284,pole,2
5,737.2406847755678,393.03998652072863,pole,2
