,x,y,category,consensus
0,1237.5,391.0,pole,3
1,1068.0,438.0,pole,3
2,905.5,383.0,pole,3
3,1119.7182061753006,362.4185280048138,pole,3
4,490.2906378600824,396.8541023662552,pole,2
