,x,y,category,consensus
0,177.83082561728398,461.4894118655693,pole,3
1,93.5,484.0,pole,2
