,x,y,category,consensus
0,637.5,342.0,pole,3
1,701.0,339.0,pole,3
2,898.866169410151,436.03716563786014,pole,2
