,x,y,category,consensus
0,354.0,404.0,pole,3
1,386.4722650891633,421.3016546639232,pole,2
