,x,y,category,consensus
0,345.5,439.0,pole,3
1,1127.0,582.0,pole,3
2,451.1075745884774,415.27349108367633,pole,3
3,725.0,406.0,pole,2
4,705.8439994617819,405.598660646243,pole,2
5,310.5,436.0,pole,2
6,536.6830519429574,381.3146812029258,pole,2
7,484.2624742798354,403.5520618998629,pole,2
8,397.8369374277965,408.1354737934007,pole,2
