,x,y,category,consensus
0,1077.5,593.0,pole,3
1,1019.0,566.0,pole,3
2,239.5,567.0,pole,2
3,923.5276843040316,466.9966230376468,pole,2
