,x,y,category,consensus
0,949.0,606.0,pole,3
1,53.5,450.0,pole,3
2,169.5,419.0,pole,3
3,282.5,402.0,pole,2
4,243.5,402.0,pole,2
5,654.0,471.0,pole,2
6,85.92097009739793,432.02743423033735,pole,2
7,92.8657101616613,429.7663560698795,pole,2
8,691.5643218449932,435.36736968449935,pole,2
