,x,y,category,consensus
0,589.4735206304028,384.2987049013046,pole,3
1,774.0,398.0,pole,3
2,949.5,495.0,pole,3
3,873.0,452.0,pole,3
4,542.0,367.0,pole,3
5,999.5,637.0,pole,2
6,848.5,537.0,pole,2
7,49.0,534.0,pole,2
8,791.5,502.0,pole,2
9,735.0,466.0,pole,2
10,216.1138505765604,469.903723529664,pole,2
11,428.5647545331791,525.3712009173526,pole,2
12,450.54243425282925,497.6374622235083,pole,2
13,128.20313169795955,506.0099116405179,pole,2
