,x,y,category,consensus
0,430.0,438.0,pole,3
1,1001.5,473.0,pole,3
2,669.5,565.0,pole,3
3,1062.0,482.0,pole,2
4,1196.0,509.0,pole,2
5,892.3611111111111,445.13888888888886,pole,2
6,1012.5,472.22222222222223,pole,2
7,927.0833333333331,454.8611111111111,pole,2
8,964.5833333333331,462.5,pole,2
9,1122.0,492.0,pole,2
