,x,y,category,consensus
0,986.54045017186,424.070445307688,pole,2
1,745.5,367.0,pole,2
2,783.3020770157518,359.9959442614661,pole,2
