,x,y,category,consensus
0,735.4359567901236,385.8024691358025,pole,3
