,x,y,category,consensus
0,836.226851851852,503.47222222222223,pole,3
1,784.5638393820789,448.6826974658528,pole,3
2,92.5,478.0,pole,3
3,974.5,587.0,pole,3
4,747.5,474.0,pole,2
5,762.0,484.0,pole,2
6,1053.5,584.0,pole,2
