,x,y,category,consensus
0,1245.0,516.0,pole,3
1,865.0,395.0,pole,3
2,1078.317901234568,384.837962962963,pole,2
3,907.711846335586,370.9581357001144,pole,2
