,x,y,category,consensus
0,747.8271819272977,428.6694101508917,pole,3
