,x,y,category,consensus
0,692.5690157750344,461.1545138888889,pole,3
1,629.5,463.0,pole,2
2,659.0,481.0,pole,2
3,699.5,503.0,pole,2
4,753.5,530.0,pole,2
5,831.0,572.0,pole,2
6,899.5,611.0,pole,2
7,1094.0,700.0,pole,2
