,x,y,category,consensus
0,1003.0,564.0,pole,3
1,1077.5,557.0,pole,3
2,781.5,408.0,pole,2
3,833.5,405.0,pole,2
4,809.8019130563177,397.9239153473175,pole,2
