,x,y,category,consensus
0,501.0,393.0,pole,3
1,417.5,403.0,pole,3
2,357.5,412.0,pole,3
3,253.0,431.0,pole,3
4,444.9701964400516,399.6611873864842,pole,3
5,281.40732762726725,426.5297841887671,pole,2
6,478.74895587783647,416.7129649872891,pole,2
7,162.33249147424175,417.6921986930346,pole,2
8,530.716321315953,377.4532059520483,pole,2
9,541.9353334827897,386.77069063298046,pole,2
