,x,y,category,consensus
0,577.7054699969782,391.3280273420962,pole,2
1,583.1966598152329,389.5514659303079,pole,2
2,589.3338719650471,388.2594212671892,pole,2
3,754.877094427139,365.9716508283904,pole,2
4,271.26736111111114,454.4565543552813,pole,2
