,x,y,category,consensus
0,794.0431027091907,409.2453275034294,pole,3
