,x,y,category,consensus
0,1264.9498456790125,505.883487654321,pole,3
1,181.0,481.0,pole,2
2,347.0,499.0,pole,2
3,225.5,492.0,pole,2
