,x,y,category,consensus
0,963.5,456.0,pole,3
1,1003.5,480.0,pole,3
2,862.0,438.0,pole,3
3,1092.5,488.0,pole,2
4,1219.5,486.0,pole,2
5,786.54510912018,392.1097143632831,pole,2
6,441.4937763689446,421.3444660884147,pole,2
