,x,y,category,consensus
0,758.1072060849359,402.79492372727526,pole,3
1,722.41447226628,402.4719125614956,pole,2
