,x,y,category,consensus
0,552.6620370370371,467.3032407407408,pole,3
1,666.8655960648148,496.5699749228394,pole,3
2,241.6087962962963,504.9189814814815,pole,2
3,102.23765432098766,510.7060185185185,pole,2
