,x,y,category,consensus
0,1209.0,486.0,pole,2
1,1247.1064814814815,519.8688271604939,pole,2
2,27.294443508383928,502.6053739532,pole,2
