,x,y,category,consensus
0,1103.0,515.0,pole,3
1,446.5629366904234,353.37421536298245,pole,3
2,705.536805964852,368.3157102976497,pole,3
