,x,y,category,consensus
0,357.5,450.0,pole,3
1,510.0,387.0,pole,3
2,684.5,360.0,pole,2
3,703.9454752818552,362.2409860648121,pole,2
