,x,y,category,consensus
0,657.6866236569831,384.2486992920914,pole,3
1,673.8371819459676,374.0424437066914,pole,2
