,x,y,category,consensus
0,821.0943834119757,530.868850958923,pole,2
