,x,y,category,consensus
0,472.0806084797695,325.5045314412956,pole,3
1,260.5,423.0,pole,3
2,435.5,351.0,pole,3
3,7.5,524.0,pole,2
4,176.0,470.0,pole,2
5,114.0,496.0,pole,2
6,753.985583609587,325.3626870665677,pole,2
7,503.6406827249905,331.1827037950383,pole,2
