,x,y,category,consensus
0,1265.0,457.0,pole,2
1,391.495734739369,429.6741040809328,pole,2
2,234.5,438.0,pole,2
