,x,y,category,consensus
0,762.5,413.0,pole,3
1,873.0,463.0,pole,3
2,958.0,478.0,pole,3
3,273.9465449245542,454.1216563786009,pole,3
4,938.3841306584364,414.2687971536352,pole,3
5,741.1592139804328,413.6057036819644,pole,3
6,1093.5,452.0,pole,2
7,786.5,463.0,pole,2
8,289.5,478.0,pole,2
9,311.12022033607684,470.1967592592593,pole,2
10,774.4515710733883,454.205380872771,pole,2
11,18.5,494.0,pole,2
12,692.7916566045676,392.3239784365837,pole,2
