,x,y,category,consensus
0,837.0,424.0,pole,3
1,1037.5,506.0,pole,2
2,905.5,455.0,pole,2
3,990.0,457.0,pole,2
4,772.4509206653405,424.20450755911054,pole,2
5,779.2644374435058,426.2233273452336,pole,2
