,x,y,category,consensus
0,1021.5,561.0,pole,3
1,86.0,454.0,pole,2
2,250.5,487.0,pole,2
3,958.5,439.0,pole,2
4,430.0,520.0,pole,2
5,857.5,432.0,pole,2
6,1221.0,626.0,pole,2
7,186.0,474.0,pole,2
8,677.0,439.0,pole,2
9,909.5,437.0,pole,2
10,49.5,446.0,pole,2
11,940.5,455.0,pole,2
12,558.0,542.0,pole,2
13,733.0,443.0,pole,2
14,332.0,501.0,pole,2
15,720.0,570.0,pole,2
16,1039.5,615.0,pole,2
17,134.02777777777777,468.05555555555554,pole,2
18,867.091049382716,453.8001543209877,pole,2
