,x,y,category,consensus
0,756.0,395.0,pole,3
1,92.5,462.0,pole,2
2,174.0,447.0,pole,2
3,209.5,442.0,pole,2
4,135.0,455.0,pole,2
5,241.40562485711024,434.20452948769247,pole,2
6,1228.0,482.0,pole,2
