,x,y,category,consensus
0,598.9583333333334,539.6412037037037,pole,3
1,84.0,719.0,pole,3
2,281.0,431.0,pole,3
3,1149.5,682.0,pole,2
4,952.5,634.0,pole,2
5,455.2469135802469,488.52237654320993,pole,2
6,419.9620627572017,476.5598208161866,pole,2
7,497.6851851851852,502.9899691358025,pole,2
8,615.8371913580247,536.7476851851852,pole,2
9,695.8912037037037,561.8248456790124,pole,2
10,548.3217592592594,516.0108024691358,pole,2
11,805.8449074074075,595.5825617283951,pole,2
