,x,y,category,consensus
0,860.5,520.0,pole,3
1,796.0,449.0,pole,2
2,1007.0,534.0,pole,2
3,772.0871913580247,439.8148148148149,pole,2
