,x,y,category,consensus
0,869.5,423.0,pole,3
1,885.5,406.0,pole,2
2,929.5,418.0,pole,2
3,819.1046346307729,395.59823495370375,pole,2
4,823.9885634573618,399.5518916228472,pole,2
5,834.0,406.0,pole,2
6,829.1050603233122,400.4821637802927,pole,2
