,x,y,category,consensus
0,1042.0,662.0,pole,3
1,1000.0,507.0,pole,3
2,206.5,435.0,pole,3
3,333.0,410.0,pole,2
4,382.5,410.0,pole,2
5,49.320869165648624,459.0406196441393,pole,2
6,65.06789365829547,454.8810282687231,pole,2
