,x,y,category,consensus
0,720.7994164373815,382.7682314489344,pole,2
