,x,y,category,consensus
0,736.8692219349214,382.0616445237914,pole,3
1,716.3095612330438,372.1088629782046,pole,2
