,x,y,category,consensus
0,281.5,409.0,pole,3
1,169.77466873380584,422.34355948026223,pole,2
2,117.6794279168572,415.5990863387823,pole,2
3,96.98087241369456,425.5995120313215,pole,2
4,70.70068396585887,429.0880326217422,pole,2
5,257.5,410.0,pole,2
6,158.8439708838211,419.3201749685643,pole,2
7,230.0097909284027,410.9477255515547,pole,2
