,x,y,category,consensus
0,1245.0,632.0,pole,3
1,826.5,504.0,pole,2
2,800.5,486.0,pole,2
3,865.0,530.0,pole,2
4,761.5,458.0,pole,2
5,777.5,470.0,pole,2
6,747.0,450.0,pole,2
7,742.4688143004116,405.5614497599452,pole,2
