,x,y,category,consensus
0,42.0,464.0,pole,3
1,221.5,422.0,pole,3
2,319.5,402.0,pole,2
3,849.0,462.0,pole,2
4,818.0,526.0,pole,2
5,364.0,402.0,pole,2
6,73.4915004381954,446.53063557384553,pole,2
7,106.98129810623382,439.0884583142814,pole,2
8,119.07483615302549,436.5302098813063,pole,2
