,x,y,category,consensus
0,533.0,385.0,pole,3
1,86.0,518.0,pole,3
2,558.6284305460297,388.8537618122238,pole,3
3,608.1654229300032,381.6441525920211,pole,3
4,443.5,353.0,pole,2
