,x,y,category,consensus
0,292.57059351661337,369.5506145452295,pole,3
1,441.2615740740741,387.7314814814815,pole,2
2,263.0344525177184,362.34100532502674,pole,2
