,x,y,category,consensus
0,168.7885802469136,432.0183899176955,pole,3
1,1134.5,460.0,pole,3
2,809.5,432.0,pole,3
3,448.0,434.0,pole,3
4,1039.5,478.0,pole,2
5,1113.0,486.0,pole,2
6,949.0,464.0,pole,2
7,801.7457561728394,427.9996141975308,pole,2
