,x,y,category,consensus
0,554.9259473593964,400.5379801097394,pole,3
1,535.2698780926712,396.81921716035095,pole,2
2,318.7692901234568,421.971450617284,pole,2
3,628.5,364.0,pole,2
