,x,y,category,consensus
0,1086.0,574.0,pole,3
1,259.5,446.0,pole,2
2,70.0,453.0,pole,2
3,277.5,441.0,pole,2
4,157.5,455.0,pole,2
5,238.0,453.0,pole,2
6,399.2418009036987,399.0802953208088,pole,2
7,754.4507196883098,391.1794422058376,pole,2
8,820.4298798558902,369.7414555925467,pole,2
