,x,y,category,consensus
0,542.8138038694559,430.48344085791047,pole,2
1,481.5,414.0,pole,2
