,x,y,category,consensus
0,1169.0,559.0,pole,3
1,780.5,410.0,pole,3
2,126.5,559.0,pole,2
3,983.0,549.0,pole,2
4,914.0,442.0,pole,2
5,178.0,544.0,pole,2
6,846.0,439.0,pole,2
7,947.0,530.0,pole,2
8,735.4111854227214,413.0729595717375,pole,2
