,x,y,category,consensus
0,360.4804610101357,370.9460227813977,pole,3
1,653.0,368.0,pole,2
