,x,y,category,consensus
0,845.0,458.0,pole,3
1,297.5,451.0,pole,3
2,812.1275934499315,461.8243098422497,pole,3
3,685.5,394.0,pole,2
4,362.5,457.0,pole,2
5,349.5,462.0,pole,2
6,759.5486111111112,447.7585948216736,pole,2
7,766.9163665980797,454.1216563786009,pole,2
