,x,y,category,consensus
0,509.5,506.0,pole,3
1,306.5,615.0,pole,3
2,271.0,477.0,pole,2
3,249.5,471.0,pole,2
4,233.0,467.0,pole,2
5,1091.5,500.0,pole,2
6,985.0,511.0,pole,2
7,653.5,519.0,pole,2
8,805.0,517.0,pole,2
9,296.1033950617284,483.6998456790124,pole,2
