,x,y,category,consensus
0,703.9555469821674,401.2077760631002,pole,3
1,995.0,497.0,pole,3
2,46.0,452.0,pole,3
3,1242.5,672.0,pole,2
4,778.0,417.0,pole,2
5,736.0,401.0,pole,2
6,757.0,411.0,pole,2
