,x,y,category,consensus
0,787.5,412.0,pole,3
1,1045.5,268.0,pole,2
2,1079.1803048699492,264.0616280248978,pole,2
