,x,y,category,consensus
0,324.0,527.0,pole,3
1,641.0,439.0,pole,3
2,1135.5,588.0,pole,2
3,311.0,557.0,pole,2
4,208.0,574.0,pole,2
5,1163.5,624.0,pole,2
6,943.0727023319616,392.1655306927298,pole,2
7,1007.3731138545954,397.8587962962964,pole,2
