,x,y,category,consensus
0,1057.5,468.0,pole,3
1,773.0,377.0,pole,3
2,554.93318280951,381.153175620036,pole,2
3,726.0588134430728,368.0528763717422,pole,2
4,844.0,557.0,pole,2
5,713.3326903292182,377.0951217421125,pole,2
6,898.0,614.0,pole,2
