,x,y,category,consensus
0,357.3144356413975,418.0111234000309,pole,3
1,132.5,490.0,pole,3
2,1034.5,487.0,pole,3
3,413.5,400.0,pole,3
