,x,y,category,consensus
0,845.2824931412895,404.2218578532237,pole,3
