,x,y,category,consensus
0,747.6806074576593,334.478684770606,pole,3
1,1249.0354938271605,550.2507716049383,pole,3
2,354.0,409.0,pole,3
3,469.5,355.0,pole,3
