,x,y,category,consensus
0,767.6482986891706,363.9041618469549,pole,3
1,723.0540343745238,371.1785908207591,pole,3
2,1162.0,573.0,pole,3
3,917.0,441.0,pole,3
4,877.0,384.0,pole,3
