,x,y,category,consensus
0,695.2310638461328,391.6510385078759,pole,3
1,707.9371118160343,375.3648155292639,pole,3
2,286.0263872979168,405.8635298021823,pole,3
