,x,y,category,consensus
0,386.8058710211805,428.9588281554303,pole,3
1,409.73966379153865,421.04505459382784,pole,3
2,198.0,510.0,pole,3
3,843.5,430.0,pole,3
