,x,y,category,consensus
0,325.5208333333333,428.75313464506166,pole,3
1,997.0,520.0,pole,3
2,347.0,636.0,pole,3
