,x,y,category,consensus
0,534.5982764733752,391.4059940061724,pole,3
1,881.0,472.0,pole,3
2,629.0,375.0,pole,3
