,x,y,category,consensus
0,1264.9498456790125,505.883487654321,pole,3
