,x,y,category,consensus
0,277.9858547962,376.0893639552616,pole,3
