,x,y,category,consensus
0,605.5,493.0,pole,3
1,238.0,428.0,pole,3
2,37.0,527.0,pole,3
3,55.5,467.0,pole,3
4,741.6639189269636,413.6057036819644,pole,3
