,x,y,category,consensus
0,177.83082561728398,461.4894118655693,pole,3
