,x,y,category,consensus
0,305.7618527091907,414.938593106996,pole,3
1,160.416130829904,429.6741040809328,pole,3
2,107.5,436.0,pole,3
3,837.5,419.0,pole,3
