,x,y,category,consensus
0,532.8896604938273,405.5748456790124,pole,3
1,450.5,497.0,pole,3
