,x,y,category,consensus
0,692.5690157750344,393.17022462277095,pole,3
1,840.5,457.0,pole,3
2,794.0,463.0,pole,3
