,x,y,category,consensus
0,292.57059351661337,369.5506145452295,pole,3
