,x,y,category,consensus
0,238.11246141975312,467.1826774691359,pole,3
1,833.7725716688287,471.142067586472,pole,3
