,x,y,category,consensus
0,734.9537037037038,466.33873456790127,pole,3
