,x,y,category,consensus
0,731.0822830932785,409.5802254801098,pole,3
1,565.0,383.0,pole,3
2,1140.0,583.0,pole,3
