,x,y,category,consensus
0,543.7440760269014,421.87842340153946,pole,3
1,270.5,450.0,pole,3
2,524.0,426.0,pole,3
