,x,y,category,consensus
0,490.97222222222223,415.97222222222223,pole,3
1,781.5,420.0,pole,3
