,x,y,category,consensus
0,393.5,441.0,pole,3
1,293.0,466.0,pole,3
2,1242.361111111111,439.5833333333333,pole,3
