,x,y,category,consensus
0,513.0,390.0,pole,3
1,944.0,416.0,pole,3
2,414.9885952354586,429.1607101340426,pole,3
