,x,y,category,consensus
0,725.1190598985015,419.5359868037007,pole,3
