,x,y,category,consensus
0,815.5,390.0,pole,3
1,530.0,407.0,pole,3
2,515.5,409.0,pole,3
3,940.0,404.0,pole,3
4,558.9447230795611,362.3596107681756,pole,3
5,780.4983400967842,371.8762949388432,pole,3
