,x,y,category,consensus
0,727.0,450.0,pole,3
1,99.5,445.0,pole,3
2,462.1592078189301,397.1890003429356,pole,3
