,x,y,category,consensus
0,751.0009604377826,391.0050161763165,pole,3
