,x,y,category,consensus
0,578.6083228939272,397.96159611354176,pole,3
