,x,y,category,consensus
0,64.5,424.0,pole,3
1,696.3734567901236,399.78780864197535,pole,3
