,x,y,category,consensus
0,595.3095785319714,373.2394020584335,pole,3
1,1082.0,402.0,pole,3
2,887.0,385.0,pole,3
3,809.0,384.0,pole,3
4,449.5,427.0,pole,3
