,x,y,category,consensus
0,763.7599014860805,412.8082698664457,pole,3
