,x,y,category,consensus
0,501.0,393.0,pole,3
1,417.5,403.0,pole,3
2,357.5,412.0,pole,3
3,253.0,431.0,pole,3
4,444.9701964400516,399.6611873864842,pole,3
