,x,y,category,consensus
0,1062.8682409980747,421.36806575960753,pole,3
1,1118.2646559292918,411.3547196204371,pole,3
