,x,y,category,consensus
0,769.5,423.0,pole,3
1,437.9256181174745,423.73896771643047,pole,3
2,728.7538064469167,401.5161119325311,pole,3
3,680.6984277980507,376.7174751707967,pole,3
