,x,y,category,consensus
0,573.5,370.0,pole,3
1,1033.0,465.0,pole,3
2,237.0,477.0,pole,3
3,90.0,525.0,pole,3
4,370.4249201972621,427.16537794723433,pole,3
5,473.88192696801866,384.95132912493904,pole,3
