,x,y,category,consensus
0,711.1090814639907,370.1707959835264,pole,3
1,744.7022427050787,376.6310192991202,pole,3
2,801.7457561728396,398.8634902263375,pole,3
3,399.5,435.0,pole,3
