,x,y,category,consensus
0,187.8777649176955,416.61308299039786,pole,3
1,433.357981824417,423.31104252400553,pole,3
2,581.2585928205548,385.51382635806175,pole,3
