,x,y,category,consensus
0,512.0590063443074,403.2171639231825,pole,3
