,x,y,category,consensus
0,573.6678304247321,411.0317084546574,pole,3
1,721.0,420.0,pole,3
