,x,y,category,consensus
0,845.0,458.0,pole,3
1,297.5,451.0,pole,3
2,812.1275934499315,461.8243098422497,pole,3
