,x,y,category,consensus
0,797.5,367.0,pole,3
1,529.5,416.0,pole,3
2,506.0,421.0,pole,3
3,874.5,396.0,pole,3
4,1053.5,416.0,pole,3
5,824.687882631275,376.5098901119529,pole,3
6,574.6734198058762,358.6964212130469,pole,3
