,x,y,category,consensus
0,557.2314146203087,381.8518179385761,pole,3
1,886.0,471.0,pole,3
2,177.5,538.0,pole,3
3,279.0,424.0,pole,3
4,741.5,402.0,pole,3
