,x,y,category,consensus
0,729.4076889291116,388.4981903233752,pole,3
