,x,y,category,consensus
0,1196.3299944749278,422.5761275196236,pole,3
