,x,y,category,consensus
0,281.5530289866049,430.1385206197394,pole,3
1,122.0,468.0,pole,3
2,667.5,446.0,pole,3
3,333.5,418.0,pole,3
