,x,y,category,consensus
0,545.0,419.0,pole,3
1,577.3641117969822,405.5614497599452,pole,3
2,613.2819197959535,386.0629453398873,pole,3
