,x,y,category,consensus
0,485.0,421.0,pole,3
1,339.5,426.0,pole,3
2,1261.0,564.0,pole,3
3,1100.7614883836052,393.1651533474683,pole,3
