,x,y,category,consensus
0,931.7484680932176,366.9683946756026,pole,3
1,778.3204522657354,370.6621667499885,pole,3
2,693.9086076817559,387.47695901920446,pole,3
3,522.5,438.0,pole,3
4,561.0,394.0,pole,3
