,x,y,category,consensus
0,479.2390046296297,399.5332861796983,pole,3
