,x,y,category,consensus
0,969.529642489712,567.6520704732511,pole,3
1,123.57735339506172,564.9728866598081,pole,3
2,241.5,625.0,pole,3
