,x,y,category,consensus
0,1167.6348937989317,434.5509589629912,pole,3
1,909.0,603.0,pole,3
