,x,y,category,consensus
0,883.4608624828534,406.9010416666667,pole,3
1,850.3059627914953,398.8634902263375,pole,3
2,670.0,418.0,pole,3
3,373.5,426.0,pole,3
