,x,y,category,consensus
0,545.5550136912001,390.08194053896295,pole,3
1,30.0,521.0,pole,3
2,413.0,423.0,pole,3
3,506.5,398.0,pole,3
4,732.5,407.0,pole,3
