,x,y,category,consensus
0,662.0113842654777,366.2946619941701,pole,3
1,851.5,420.0,pole,3
2,733.0,372.0,pole,3
