,x,y,category,consensus
0,538.3950111215897,454.9030849908551,pole,3
1,1199.0,531.0,pole,3
2,1125.5,383.0,pole,3
3,6.0,571.0,pole,3
