,x,y,category,consensus
0,793.37330675583,464.8383916323732,pole,3
1,110.51633230452676,457.8055341220851,pole,3
2,129.0,438.0,pole,3
3,983.5,478.0,pole,3
4,927.0,448.0,pole,3
5,221.5,462.0,pole,3
