,x,y,category,consensus
0,383.260318771802,418.65976293819614,pole,3
