,x,y,category,consensus
0,405.5,413.0,pole,3
1,503.2772371780217,380.946448473937,pole,3
2,547.2325966173221,366.29466199417016,pole,3
3,562.8146552545345,363.2712774824722,pole,3
