,x,y,category,consensus
0,481.0,393.0,pole,3
1,341.9073189778034,416.3613926900223,pole,3
2,357.41185493522863,412.1622475348863,pole,3
