,x,y,category,consensus
0,896.084655659389,446.9957716525683,pole,3
