,x,y,category,consensus
0,935.3700488683128,451.7773705418382,pole,3
