,x,y,category,consensus
0,41.0,477.0,pole,3
1,678.0,438.0,pole,3
2,134.0,436.0,pole,3
3,436.0650738025835,397.9239153473175,pole,3
