,x,y,category,consensus
0,804.5400611657665,352.4859346570883,pole,3
1,1118.0,419.0,pole,3
