,x,y,category,consensus
0,477.9953713482512,376.8368784909774,pole,3
1,462.5207010528042,389.58915308629946,pole,3
2,1129.5,594.0,pole,3
3,750.0,416.0,pole,3
