,x,y,category,consensus
0,589.4735206304028,384.2987049013046,pole,3
1,774.0,398.0,pole,3
2,949.5,495.0,pole,3
3,873.0,452.0,pole,3
4,542.0,367.0,pole,3
