,x,y,category,consensus
0,669.0982492426841,399.5518916228472,pole,3
