,x,y,category,consensus
0,936.5354938271604,427.758487654321,pole,3
1,1091.5,582.0,pole,3
2,544.5,425.0,pole,3
3,85.0,416.0,pole,3
4,124.5,391.0,pole,3
