,x,y,category,consensus
0,569.7916964353758,368.0712234059585,pole,3
1,548.1499483281365,372.2703685610944,pole,3
2,421.5,411.0,pole,3
3,997.0,518.0,pole,3
