,x,y,category,consensus
0,831.5516760973937,414.60369513031554,pole,3
1,794.3780006858711,380.109203532236,pole,3
