,x,y,category,consensus
0,552.5105990661623,371.7858518124249,pole,3
1,498.56773438095377,384.3832872778328,pole,3
2,375.0,421.0,pole,3
