,x,y,category,consensus
0,553.1566213977218,380.7998821574645,pole,3
