,x,y,category,consensus
0,698.7847222222223,463.9274691358025,pole,3
1,120.5,458.0,pole,3
2,771.0,502.0,pole,3
