,x,y,category,consensus
0,360.4804610101357,370.9460227813977,pole,3
