,x,y,category,consensus
0,1113.0477047092988,420.1006644059152,pole,3
1,201.17135404759188,456.5310612663848,pole,3
2,124.42390105833717,461.4149900929737,pole,3
3,1059.5,427.0,pole,3
