,x,y,category,consensus
0,315.0,442.0,pole,3
1,877.7006172839507,445.6018518518519,pole,3
2,756.6550925925926,400.7523148148149,pole,3
