,x,y,category,consensus
0,442.0,397.0,pole,3
1,298.0,418.0,pole,3
2,284.5,423.0,pole,3
3,221.0,417.0,pole,3
4,610.1841135116599,387.14206104252406,pole,3
5,521.7710476680385,388.4816529492456,pole,3
6,489.2859439300412,389.4863468792867,pole,3
7,1173.1476123113855,420.6318587105625,pole,3
