,x,y,category,consensus
0,253.55728108045304,425.2423947278008,pole,3
1,1042.0,632.0,pole,3
