,x,y,category,consensus
0,1171.5,719.0,pole,3
1,467.6943271557309,401.1798678983768,pole,3
