,x,y,category,consensus
0,816.5722270910601,376.6310192991202,pole,3
1,347.0,424.0,pole,3
2,445.0,395.0,pole,3
3,502.0,384.0,pole,3
4,854.0,446.0,pole,3
5,805.0,406.0,pole,3
