,x,y,category,consensus
0,499.5,419.0,pole,3
1,737.5,395.0,pole,3
2,518.5562016004283,382.0696095945859,pole,3
