,x,y,category,consensus
0,812.7973894032923,408.24063357338827,pole,3
1,1002.0,482.0,pole,3
