,x,y,category,consensus
0,231.40721798435715,426.475679818499,pole,3
