,x,y,category,consensus
0,168.7885802469136,432.0183899176955,pole,3
1,1134.5,460.0,pole,3
2,809.5,432.0,pole,3
3,448.0,434.0,pole,3
