,x,y,category,consensus
0,845.6173911179699,419.9620627572017,pole,3
1,918.5,443.0,pole,3
