,x,y,category,consensus
0,703.9555469821674,401.2077760631002,pole,3
1,995.0,497.0,pole,3
2,46.0,452.0,pole,3
