,x,y,category,consensus
0,343.84645061728395,471.6435185185185,pole,3
1,793.5,502.0,pole,3
