,x,y,category,consensus
0,657.6866236569831,384.2486992920914,pole,3
