,x,y,category,consensus
0,698.1800439445931,374.7074002624023,pole,3
1,763.5,400.0,pole,3
