,x,y,category,consensus
0,550.7211172077429,389.0863298515852,pole,3
1,271.0,458.0,pole,3
2,453.0,412.0,pole,3
3,517.0,394.0,pole,3
4,709.0,395.0,pole,3
