,x,y,category,consensus
0,773.9492241083677,389.4863468792867,pole,3
