,x,y,category,consensus
0,745.5,383.0,pole,3
1,446.0841049382717,410.39737654320993,pole,3
2,501.0073731138546,377.7649176954733,pole,3
