,x,y,category,consensus
0,959.14780521262,418.2875728737998,pole,3
