,x,y,category,consensus
0,552.6620370370371,467.3032407407408,pole,3
1,666.8655960648148,496.5699749228394,pole,3
