,x,y,category,consensus
0,748.8318758573389,408.5755315500686,pole,3
