,x,y,category,consensus
0,691.2438947685397,389.7129715131978,pole,3
1,1215.344757373114,470.5316572359397,pole,3
2,335.5,422.0,pole,3
3,370.5,422.0,pole,3
4,725.0,390.0,pole,3
