,x,y,category,consensus
0,824.5188185871057,460.8196159122086,pole,3
1,228.61438269223444,424.4366718345146,pole,3
2,358.0,401.0,pole,3
