,x,y,category,consensus
0,598.9583333333334,539.6412037037037,pole,3
1,84.0,719.0,pole,3
2,281.0,431.0,pole,3
