,x,y,category,consensus
0,689.5642367064854,365.5969578760861,pole,3
