,x,y,category,consensus
0,345.5,439.0,pole,3
1,1127.0,582.0,pole,3
2,451.1075745884774,415.27349108367633,pole,3
