,x,y,category,consensus
0,885.1610446885566,444.577126204478,pole,3
1,255.12835047130324,446.4115252064643,pole,3
2,214.0,460.0,pole,3
