,x,y,category,consensus
0,736.8692219349214,382.0616445237914,pole,3
