,x,y,category,consensus
0,311.5354938271605,456.6936728395062,pole,3
1,728.0,415.0,pole,3
