,x,y,category,consensus
0,717.6863640260632,410.9198173868313,pole,3
1,799.0,478.0,pole,3
