,x,y,category,consensus
0,1165.1234567901236,415.21990740740745,pole,3
1,1255.0,719.0,pole,3
2,449.5,418.0,pole,3
3,1134.0,460.0,pole,3
