,x,y,category,consensus
0,454.23790272573336,407.61488523152417,pole,3
1,567.1115573961658,400.02053415476337,pole,3
2,964.6922272709954,409.55231731538646,pole,3
3,361.5,415.0,pole,3
4,677.5,409.0,pole,3
5,1001.5,382.0,pole,3
