,x,y,category,consensus
0,671.4704432441702,419.2922668038409,pole,3
