,x,y,category,consensus
0,705.5,366.0,pole,3
1,422.3295434799072,374.29358777112384,pole,3
