,x,y,category,consensus
0,830.7330365988417,404.4358204494361,pole,3
