,x,y,category,consensus
0,692.5690157750344,461.1545138888889,pole,3
