,x,y,category,consensus
0,1034.6952071187702,416.7619265355892,pole,3
