,x,y,category,consensus
0,534.4413544524464,389.3188978909466,pole,3
1,445.0,410.0,pole,3
2,502.0,397.0,pole,3
