,x,y,category,consensus
0,937.0,386.0,pole,3
1,589.5,370.0,pole,3
2,1031.539351851852,408.9506172839506,pole,3
