,x,y,category,consensus
0,154.0,407.0,pole,3
1,697.5,397.0,pole,3
2,753.5,426.0,pole,3
3,36.04804610101357,438.3907541961973,pole,3
4,206.031774839338,406.4557169394452,pole,3
