,x,y,category,consensus
0,564.6751995694254,371.8762949388432,pole,3
1,55.0,535.0,pole,3
2,1228.0,499.0,pole,3
