,x,y,category,consensus
0,724.3441358024692,431.61651234567904,pole,3
1,1021.5,421.0,pole,3
