,x,y,category,consensus
0,573.5,385.0,pole,3
1,51.23939043209877,471.2014531893005,pole,3
