,x,y,category,consensus
0,263.3101851851852,436.9212962962963,pole,3
1,455.0,456.0,pole,3
2,721.0,442.0,pole,3
