,x,y,category,consensus
0,73.30246913580247,422.45370370370375,pole,3
1,794.5,422.0,pole,3
2,845.5,504.0,pole,3
