,x,y,category,consensus
0,713.0536086819845,407.6917730004954,pole,3
1,849.5,472.0,pole,3
2,897.5,469.0,pole,3
3,428.8554645823808,414.4362461419754,pole,3
