,x,y,category,consensus
0,144.9420310855866,432.5138358338999,pole,3
1,1006.5,539.0,pole,3
2,224.5,410.0,pole,3
