,x,y,category,consensus
0,400.01702770156993,394.2028267175355,pole,3
1,327.68836746018144,405.3660926068816,pole,3
2,764.5,418.0,pole,3
