,x,y,category,consensus
0,701.1959977624412,452.8557485549099,pole,3
1,104.0,442.0,pole,3
2,285.5,427.0,pole,3
3,235.5,426.0,pole,3
4,458.0,414.0,pole,3
5,410.0,404.0,pole,3
6,498.5,412.0,pole,3
7,1180.5,380.0,pole,3
