,x,y,category,consensus
0,1141.1021875862602,499.0581170281651,pole,3
1,75.5,442.0,pole,3
2,1182.0,526.0,pole,3
3,421.5,456.0,pole,3
