,x,y,category,consensus
0,674.0,382.0,pole,3
1,833.0,425.0,pole,3
2,369.5,418.0,pole,3
3,933.5,413.0,pole,3
4,96.5,511.0,pole,3
5,788.9437539017874,417.5754359046337,pole,3
6,708.8946462344261,394.1398524250346,pole,3
