,x,y,category,consensus
0,283.733008020881,461.8801261716965,pole,3
