,x,y,category,consensus
0,693.189210372199,370.903674165689,pole,3
