,x,y,category,consensus
0,831.2167781207133,389.8212448559671,pole,3
1,874.4186171124829,415.94328703703707,pole,3
2,1141.0108024691358,395.4475308641976,pole,3
3,393.5,413.0,pole,3
4,765.0,400.0,pole,3
