,x,y,category,consensus
0,1196.262879932705,400.7357275454298,pole,3
1,621.0,442.0,pole,3
2,722.0,462.0,pole,3
