,x,y,category,consensus
0,738.1709569330134,341.8750178612255,pole,3
1,978.5,474.0,pole,3
2,503.0,363.0,pole,3
