,x,y,category,consensus
0,406.90434355858366,401.5208241289221,pole,3
