,x,y,category,consensus
0,553.4229934528353,359.2517848569703,pole,3
1,536.599495235143,363.98339373069626,pole,3
2,399.0,407.0,pole,3
