,x,y,category,consensus
0,141.66184413580245,507.11926118827154,pole,3
