,x,y,category,consensus
0,1149.034957990398,412.9292052469136,pole,3
1,201.0,609.0,pole,3
2,773.5,566.0,pole,3
