,x,y,category,consensus
0,587.0165728394387,413.0608607508637,pole,3
1,743.5200218383251,413.27340594516846,pole,3
2,717.4724014298507,418.8550388898416,pole,3
3,425.5,443.0,pole,3
4,621.5,404.0,pole,3
