,x,y,category,consensus
0,737.2222062851845,363.0015970591739,pole,3
1,805.0,381.0,pole,3
