,x,y,category,consensus
0,719.1003777053804,379.0859041590459,pole,3
1,127.5,528.0,pole,3
2,893.0,436.0,pole,3
3,773.0,385.0,pole,3
