,x,y,category,consensus
0,644.1424358501579,412.3937735055439,pole,3
1,570.0,542.0,pole,3
2,361.5,441.0,pole,3
