,x,y,category,consensus
0,599.0952693949095,492.34653932803695,pole,3
1,37.61574074074074,655.3819444444445,pole,3
