,x,y,category,consensus
0,1127.2846499564992,680.2917800607047,pole,3
1,157.5,384.0,pole,3
