,x,y,category,consensus
0,1210.7661373545404,383.43556354490295,pole,3
