,x,y,category,consensus
0,429.1704623473211,419.3859156428617,pole,3
1,532.1989042661634,394.88488872083246,pole,3
