,x,y,category,consensus
0,502.3496567802911,379.42596313635295,pole,3
1,898.5,438.0,pole,3
2,1121.0,423.0,pole,3
3,439.5,391.0,pole,3
4,1013.5,437.0,pole,3
5,66.0,449.0,pole,3
6,1195.0,638.0,pole,3
