,x,y,category,consensus
0,554.9259473593964,400.5379801097394,pole,3
