,x,y,category,consensus
0,740.5,364.0,pole,3
1,777.0,388.0,pole,3
2,842.0,415.0,pole,3
3,913.0,413.0,pole,3
4,518.528124302433,362.926464328377,pole,3
5,503.40018513828863,370.70654732707976,pole,3
