,x,y,category,consensus
0,188.5,466.0,pole,3
1,28.25701678240741,543.162655928498,pole,3
