,x,y,category,consensus
0,767.7070979319084,403.738116331352,pole,3
