,x,y,category,consensus
0,461.0,442.0,pole,3
1,677.0,420.0,pole,3
2,889.0,436.0,pole,3
3,748.5,719.0,pole,3
4,593.0,719.0,pole,3
5,393.9702586781741,400.94729985901546,pole,3
