,x,y,category,consensus
0,354.50475444321137,417.00741502158166,pole,3
