,x,y,category,consensus
0,734.3658854001286,413.6157977808949,pole,3
1,937.0,529.0,pole,3
