,x,y,category,consensus
0,414.7028291512103,415.782503270323,pole,3
