,x,y,category,consensus
0,1183.0,674.0,pole,3
1,1266.0,652.0,pole,3
2,747.1999013092226,418.3530845852693,pole,3
