,x,y,category,consensus
0,706.6347307956105,387.14206104252406,pole,3
1,446.53063557384553,408.8546131973023,pole,3
