,x,y,category,consensus
0,686.0,382.0,pole,3
1,165.5,416.0,pole,3
2,93.51173249322068,396.9807227432408,pole,3
