,x,y,category,consensus
0,906.635802469136,401.71682098765433,pole,3
1,851.0,431.0,pole,3
