,x,y,category,consensus
0,168.5,398.0,pole,3
1,130.5,375.0,pole,3
2,158.9214935636082,395.5271724972322,pole,3
