,x,y,category,consensus
0,762.5,413.0,pole,3
1,873.0,463.0,pole,3
2,958.0,478.0,pole,3
3,273.9465449245542,454.1216563786009,pole,3
4,938.3841306584364,414.2687971536352,pole,3
5,741.1592139804328,413.6057036819644,pole,3
