,x,y,category,consensus
0,1161.2654320987656,441.7438271604939,pole,3
1,359.27854938271605,393.5185185185185,pole,3
2,894.0,476.0,pole,3
3,724.0,420.0,pole,3
4,282.0,403.0,pole,3
