,x,y,category,consensus
0,203.0,428.0,pole,3
1,146.0,393.0,pole,3
2,776.0,427.0,pole,3
3,88.60375727984594,397.37102790189135,pole,3
