,x,y,category,consensus
0,531.9993900391519,373.4009076413233,pole,3
1,985.5,481.0,pole,3
2,763.5,405.0,pole,3
3,637.5,386.0,pole,3
4,427.5,366.0,pole,3
