,x,y,category,consensus
0,566.5030686006764,372.1517473213466,pole,3
1,311.5,456.0,pole,3
2,985.5,442.0,pole,3
3,537.0,382.0,pole,3
