,x,y,category,consensus
0,873.3603395061729,422.9359567901235,pole,3
1,810.5,418.0,pole,3
