,x,y,category,consensus
0,163.1206387187442,382.7682314489344,pole,3
1,38.0,453.0,pole,3
2,485.0,441.0,pole,3
3,796.5,419.0,pole,3
4,739.5,411.0,pole,3
