,x,y,category,consensus
0,317.5,395.0,pole,3
1,273.0,382.0,pole,3
2,182.5,418.0,pole,3
3,461.5,376.0,pole,3
4,477.5,363.0,pole,3
5,733.0,378.0,pole,3
6,723.0,400.0,pole,3
7,688.4175470679676,378.528709898076,pole,3
