,x,y,category,consensus
0,607.389764345308,402.314561934581,pole,3
1,79.53826946159123,411.8779977090002,pole,3
