,x,y,category,consensus
0,993.582345938331,352.8896986143129,pole,3
1,1064.8148148148148,394.483024691358,pole,3
2,950.0385802469136,452.83564814814815,pole,3
3,107.0,560.0,pole,3
4,429.5,418.0,pole,3
5,965.0,518.0,pole,3
