,x,y,category,consensus
0,758.1072060849359,402.79492372727526,pole,3
