,x,y,category,consensus
0,627.5988082990399,399.1983882030179,pole,3
