,x,y,category,consensus
0,727.4848643353645,430.1821067695841,pole,3
1,173.0,457.0,pole,3
2,760.5,463.0,pole,3
3,841.5,504.0,pole,3
