,x,y,category,consensus
0,819.1604509602196,408.910429526749,pole,3
