,x,y,category,consensus
0,731.8916198702561,381.1790165132984,pole,3
