,x,y,category,consensus
0,601.2465237590021,433.274257330247,pole,3
