,x,y,category,consensus
0,472.0806084797695,325.5045314412956,pole,3
1,260.5,423.0,pole,3
2,435.5,351.0,pole,3
