,x,y,category,consensus
0,15.97222222222222,484.02777777777777,pole,3
1,317.5,465.0,pole,3
2,600.0,436.0,pole,3
3,565.0,413.0,pole,3
4,657.0,435.0,pole,3
5,1241.0,417.0,pole,3
6,1042.5,592.0,pole,3
