,x,y,category,consensus
0,1094.111689814815,568.9916623799726,pole,3
1,347.0,459.0,pole,3
2,765.0,426.0,pole,3
