,x,y,category,consensus
0,824.1839206104253,404.2218578532237,pole,3
1,885.0,410.0,pole,3
