,x,y,category,consensus
0,808.3045073184807,390.0819405389629,pole,3
